Title	Full Name	Approved	mono_mass	Hidden	site	position	Classification	spec_group
Acetyl	Acetylation	1	42.010565	[1, 0, 1, 1, 0, 0, 1, 1, 1]	['T', 'N-term', 'S', 'C', 'N-term', 'K', 'Y', 'H', 'R']	['Anywhere', 'Protein N-term', 'Anywhere', 'Anywhere', 'Any N-term', 'Anywhere', 'Anywhere', 'Anywhere', 'Anywhere']	['Post-translational', 'Post-translational', 'Post-translational', 'Post-translational', 'Multiple', 'Multiple', 'Chemical derivative', 'Chemical derivative', 'Artefact']	[6, 5, 4, 3, 2, 1, 7, 8, 9]
Amidated	Amidation	1	-0.984016	[0, 0]	['C-term', 'C-term']	['Any C-term', 'Protein C-term']	['Artefact', 'Post-translational']	[2, 1]
Biotin	Biotinylation	1	226.077598	[1, 1]	['N-term', 'K']	['Any N-term', 'Anywhere']	['Chemical derivative', 'Post-translational']	[2, 1]
Carbamidomethyl	Iodoacetamide derivative	1	57.021464	[1, 1, 1, 1, 1, 1, 0, 1, 0, 1, 1]	['Y', 'T', 'S', 'E', 'D', 'H', 'N-term', 'K', 'C', 'U', 'M']	['Anywhere', 'Anywhere', 'Anywhere', 'Anywhere', 'Anywhere', 'Anywhere', 'Any N-term', 'Anywhere', 'Anywhere', 'Anywhere', 'Anywhere']	['Artefact', 'Artefact', 'Artefact', 'Artefact', 'Artefact', 'Artefact', 'Artefact', 'Artefact', 'Chemical derivative', 'Chemical derivative', 'Chemical derivative']	[9, 8, 7, 6, 5, 4, 3, 2, 1, 10, 11]
Carbamyl	Carbamylation	0	43.005814	[1, 1, 1, 1, 1, 1, 0, 0, 1]	['Y', 'T', 'S', 'M', 'C', 'R', 'N-term', 'K', 'N-term']	['Anywhere', 'Anywhere', 'Anywhere', 'Anywhere', 'Anywhere', 'Anywhere', 'Any N-term', 'Anywhere', 'Protein N-term']	['Chemical derivative', 'Chemical derivative', 'Chemical derivative', 'Artefact', 'Artefact', 'Artefact', 'Multiple', 'Multiple', 'Post-translational']	[8, 7, 6, 5, 4, 3, 2, 1, 9]
Carboxymethyl	Iodoacetic acid derivative	1	58.005479	[1, 1, 0, 1, 1]	['N-term', 'K', 'C', 'W', 'U']	['Any N-term', 'Anywhere', 'Anywhere', 'Anywhere', 'Anywhere']	['Artefact', 'Artefact', 'Chemical derivative', 'Chemical derivative', 'Chemical derivative']	[3, 2, 1, 4, 5]
Deamidated	Deamidation	0	0.984016	[0, 1, 0, 1]	['Q', 'R', 'N', 'F']	['Anywhere', 'Anywhere', 'Anywhere', 'Protein N-term']	['Artefact', 'Post-translational', 'Artefact', 'Post-translational']	[1, 2, 1, 3]
Met->Hse	Homoserine	1	-29.992806	[0]	['M']	['Any C-term']	['Chemical derivative']	[1]
Met->Hsl	Homoserine lactone	0	-48.003371	[0]	['M']	['Any C-term']	['Chemical derivative']	[1]
NIPCAM	N-isopropylcarboxamidomethyl	1	99.068414	[0]	['C']	['Anywhere']	['Chemical derivative']	[1]
PEO-Iodoacetyl-LC-Biotin	Biotinyl-iodoacetamidyl-3,6-dioxaoctanediamine	0	414.193691	[1]	['C']	['Anywhere']	['Chemical derivative']	[1]
Phospho	Phosphorylation	1	79.966331	[1, 1, 1, 1, 1, 1, 0, 0, 0]	['E', 'R', 'K', 'H', 'C', 'D', 'Y', 'T', 'S']	['Anywhere', 'Anywhere', 'Anywhere', 'Anywhere', 'Anywhere', 'Anywhere', 'Anywhere', 'Anywhere', 'Anywhere']	['Post-translational', 'Post-translational', 'Post-translational', 'Post-translational', 'Post-translational', 'Post-translational', 'Post-translational', 'Post-translational', 'Post-translational']	[8, 6, 7, 4, 5, 3, 2, 1, 1]
Methamidophos-S	S-methyl amino phosphinate	0	108.975121	[1, 1, 1, 1, 1, 1]	['Y', 'T', 'S', 'K', 'H', 'C']	['Anywhere', 'Anywhere', 'Anywhere', 'Anywhere', 'Anywhere', 'Anywhere']	['Chemical derivative', 'Chemical derivative', 'Chemical derivative', 'Chemical derivative', 'Chemical derivative', 'Chemical derivative']	[6, 5, 4, 3, 2, 1]
Dehydrated	Dehydration	0	-18.010565	[1, 1, 1, 1, 1, 1, 0]	['D', 'Y', 'T', 'S', 'N', 'Q', 'C']	['Anywhere', 'Anywhere', 'Anywhere', 'Anywhere', 'Protein C-term', 'Protein C-term', 'Any N-term']	['Chemical derivative', 'Post-translational', 'Post-translational', 'Post-translational', 'Post-translational', 'Post-translational', 'Artefact']	[6, 5, 4, 3, 1, 2, 7]
Propionamide	Acrylamide adduct	1	71.037114	[0, 1, 1]	['C', 'K', 'N-term']	['Anywhere', 'Anywhere', 'Any N-term']	['Artefact', 'Chemical derivative', 'Chemical derivative']	[1, 2, 3]
Pyridylacetyl	pyridylacetyl	1	119.037114	[1, 1]	['N-term', 'K']	['Any N-term', 'Anywhere']	['Chemical derivative', 'Chemical derivative']	[2, 1]
SMA	N-Succinimidyl-2-morpholine acetate	1	127.063329	[1, 1]	['N-term', 'K']	['Any N-term', 'Anywhere']	['Chemical derivative', 'Chemical derivative']	[2, 1]
Pyridylethyl	S-pyridylethylation	1	105.057849	[0]	['C']	['Anywhere']	['Chemical derivative']	[1]
Methyl	Methylation	1	14.01565	[0, 0, 0, 1, 1, 1, 1, 1, 1, 1, 1, 1, 1, 1, 1]	['E', 'D', 'C-term', 'N-term', 'L', 'I', 'R', 'Q', 'N-term', 'N', 'K', 'H', 'C', 'S', 'T']	['Anywhere', 'Anywhere', 'Any C-term', 'Protein N-term', 'Anywhere', 'Anywhere', 'Anywhere', 'Anywhere', 'Any N-term', 'Anywhere', 'Anywhere', 'Anywhere', 'Anywhere', 'Anywhere', 'Anywhere']	['Post-translational', 'Post-translational', 'Multiple', 'Post-translational', 'Post-translational', 'Post-translational', 'Post-translational', 'Post-translational', 'Chemical derivative', 'Post-translational', 'Post-translational', 'Post-translational', 'Post-translational', 'Post-translational', 'Post-translational']	[12, 12, 11, 10, 9, 8, 7, 6, 5, 4, 3, 2, 1, 13, 14]
Oxidation	Oxidation or Hydroxylation	0	15.994915	[1, 1, 1, 1, 1, 1, 1, 1, 0, 1, 0, 1, 1, 0, 1, 1, 1, 1, 1, 1]	['T', 'E', 'S', 'Q', 'L', 'I', 'U', 'G', 'W', 'C', 'H', 'V', 'R', 'M', 'Y', 'F', 'P', 'N', 'K', 'D']	['Anywhere', 'Anywhere', 'Anywhere', 'Anywhere', 'Anywhere', 'Anywhere', 'Anywhere', 'Any C-term', 'Anywhere', 'Anywhere', 'Anywhere', 'Anywhere', 'Anywhere', 'Anywhere', 'Anywhere', 'Anywhere', 'Anywhere', 'Anywhere', 'Anywhere', 'Anywhere']	['Chemical derivative', 'Chemical derivative', 'Chemical derivative', 'Chemical derivative', 'Chemical derivative', 'Chemical derivative', 'Multiple', 'Pre-translational', 'Artefact', 'Post-translational', 'Artefact', 'Chemical derivative', 'Post-translational', 'Artefact', 'Post-translational', 'Artefact', 'Post-translational', 'Post-translational', 'Post-translational', 'Post-translational']	[18, 13, 17, 16, 15, 14, 12, 11, 10, 9, 10, 19, 7, 8, 6, 5, 4, 3, 2, 1]
Dimethyl	di-Methylation	1	28.0313	[1, 1, 1, 1, 1, 1]	['N-term', 'P', 'N', 'N-term', 'K', 'R']	['Protein N-term', 'Protein N-term', 'Anywhere', 'Any N-term', 'Anywhere', 'Anywhere']	['Isotopic label', 'Post-translational', 'Post-translational', 'Isotopic label', 'Multiple', 'Post-translational']	[6, 5, 4, 3, 1, 2]
Trimethyl	tri-Methylation	1	42.04695	[1, 1, 1]	['A', 'R', 'K']	['Protein N-term', 'Anywhere', 'Anywhere']	['Post-translational', 'Chemical derivative', 'Post-translational']	[3, 2, 1]
Methylthio	Beta-methylthiolation	0	45.987721	[0, 1, 1, 1, 1]	['C', 'N', 'D', 'K', 'N-term']	['Anywhere', 'Anywhere', 'Anywhere', 'Anywhere', 'Any N-term']	['Multiple', 'Post-translational', 'Post-translational', 'Artefact', 'Artefact']	[3, 2, 1, 5, 4]
Sulfo	O-Sulfonation	1	79.956815	[0, 0, 0, 1]	['S', 'T', 'Y', 'C']	['Anywhere', 'Anywhere', 'Anywhere', 'Anywhere']	['Post-translational', 'Post-translational', 'Post-translational', 'Post-translational']	[1, 1, 1, 2]
Hex	Hexose	1	162.052824	[1, 1, 1, 1, 1, 1, 1, 1, 1]	['C', 'W', 'T', 'S', 'N-term', 'N', 'R', 'K', 'Y']	['Anywhere', 'Anywhere', 'Anywhere', 'Anywhere', 'Any N-term', 'Anywhere', 'Anywhere', 'Anywhere', 'Anywhere']	['Other glycosylation', 'Other glycosylation', 'O-linked glycosylation', 'O-linked glycosylation', 'Other glycosylation', 'N-linked glycosylation', 'Other glycosylation', 'Other glycosylation', 'O-linked glycosylation']	[6, 5, 4, 4, 3, 2, 1, 1, 8]
Lipoyl	Lipoyl	1	188.032956	[1]	['K']	['Anywhere']	['Post-translational']	[1]
HexNAc	N-Acetylhexosamine	1	203.079373	[1, 1, 1, 1]	['C', 'T', 'S', 'N']	['Anywhere', 'Anywhere', 'Anywhere', 'Anywhere']	['Other glycosylation', 'O-linked glycosylation', 'O-linked glycosylation', 'N-linked glycosylation']	[3, 2, 2, 1]
Farnesyl	Farnesylation	1	204.187801	[1]	['C']	['Anywhere']	['Post-translational']	[1]
Myristoyl	Myristoylation	1	210.198366	[1, 1, 1]	['C', 'K', 'G']	['Anywhere', 'Anywhere', 'Any N-term']	['Post-translational', 'Post-translational', 'Post-translational']	[3, 2, 1]
PyridoxalPhosphate	Pyridoxal phosphate	1	229.014009	[1]	['K']	['Anywhere']	['Post-translational']	[1]
Palmitoyl	Palmitoylation	1	238.229666	[1, 1, 1, 1, 1]	['T', 'S', 'K', 'C', 'N-term']	['Anywhere', 'Anywhere', 'Anywhere', 'Anywhere', 'Protein N-term']	['Post-translational', 'Post-translational', 'Post-translational', 'Post-translational', 'Post-translational']	[4, 3, 2, 1, 5]
GeranylGeranyl	Geranyl-geranyl	1	272.250401	[1]	['C']	['Anywhere']	['Post-translational']	[1]
Phosphopantetheine	Phosphopantetheine	1	340.085794	[1]	['S']	['Anywhere']	['Post-translational']	[1]
Guanidinyl	Guanidination	1	42.021798	[0, 1]	['K', 'N-term']	['Anywhere', 'Any N-term']	['Chemical derivative', 'Chemical derivative']	[1, 2]
HNE	4-hydroxynonenal (HNE)	1	156.11503	[1, 1, 1, 1, 1]	['K', 'H', 'C', 'A', 'L']	['Anywhere', 'Anywhere', 'Anywhere', 'Anywhere', 'Anywhere']	['Post-translational', 'Post-translational', 'Post-translational', 'Post-translational', 'Post-translational']	[3, 2, 1, 4, 5]
Glucuronyl	hexuronic acid	1	176.032088	[1, 1, 1]	['T', 'S', 'N-term']	['Anywhere', 'Anywhere', 'Protein N-term']	['O-linked glycosylation', 'O-linked glycosylation', 'Other glycosylation']	[2, 2, 1]
Glutathione	glutathione disulfide	1	305.068156	[1]	['C']	['Anywhere']	['Post-translational']	[1]
Propionyl	Propionate labeling reagent light form (N-term & K)	1	56.026215	[1, 1, 1, 1, 1]	['N-term', 'K', 'S', 'T', 'N-term']	['Any N-term', 'Anywhere', 'Anywhere', 'Anywhere', 'Protein N-term']	['Isotopic label', 'Isotopic label', 'Chemical derivative', 'Isotopic label', 'Multiple']	[2, 1, 3, 4, 5]
Succinyl	Succinic anhydride labeling reagent light form (N-term & K)	1	100.016044	[1, 1, 1]	['N-term', 'N-term', 'K']	['Protein N-term', 'Any N-term', 'Anywhere']	['Post-translational', 'Isotopic label', 'Isotopic label']	[3, 2, 1]
probiotinhydrazide	oxidized proline biotinylated with biotin hydrazide	0	258.115047	[1]	['P']	['Anywhere']	['Chemical derivative']	[1]
Pro->pyro-Glu	proline oxidation to pyroglutamic acid	1	13.979265	[1]	['P']	['Anywhere']	['Chemical derivative']	[1]
Trp->Hydroxykynurenin	tryptophan oxidation to hydroxykynurenin	1	19.989829	[1]	['W']	['Anywhere']	['Chemical derivative']	[1]
Cys->Dha	Dehydroalanine (from Cysteine)	1	-33.987721	[1]	['C']	['Anywhere']	['Chemical derivative']	[1]
Arg->GluSA	Arginine oxidation to glutamic semialdehyde	1	-43.053433	[1]	['R']	['Anywhere']	['Chemical derivative']	[1]
Trioxidation	cysteine oxidation to cysteic acid	1	47.984744	[1, 1, 1, 1]	['Y', 'W', 'C', 'F']	['Anywhere', 'Anywhere', 'Anywhere', 'Anywhere']	['Chemical derivative', 'Chemical derivative', 'Chemical derivative', 'Artefact']	[3, 2, 1, 4]
Iminobiotin	Iminobiotinylation	1	225.093583	[1, 1]	['N-term', 'K']	['Any N-term', 'Anywhere']	['Chemical derivative', 'Chemical derivative']	[2, 1]
NHS-LC-Biotin	NHS-LC-Biotin	0	339.161662	[1, 1]	['N-term', 'K']	['Any N-term', 'Anywhere']	['Chemical derivative', 'Chemical derivative']	[2, 1]
Lysbiotinhydrazide	oxidized Lysine biotinylated with biotin hydrazide	0	241.088497	[1]	['K']	['Anywhere']	['Chemical derivative']	[1]
Nitro	Oxidation to nitro	1	44.985078	[1, 1, 1]	['Y', 'W', 'F']	['Anywhere', 'Anywhere', 'Anywhere']	['Chemical derivative', 'Chemical derivative', 'Artefact']	[2, 1, 3]
Trp->Kynurenin	tryptophan oxidation to kynurenin	1	3.994915	[1]	['W']	['Anywhere']	['Chemical derivative']	[1]
Lys->Allysine	Lysine oxidation to aminoadipic semialdehyde	1	-1.031634	[1]	['K']	['Anywhere']	['Post-translational']	[1]
FormylMet	Addition of N-formyl met	1	159.035399	[1]	['N-term']	['Protein N-term']	['Pre-translational']	[1]
Nethylmaleimide	N-ethylmaleimide on cysteines	1	125.047679	[1]	['C']	['Anywhere']	['Chemical derivative']	[1]
OxLysBiotinRed	Oxidized lysine biotinylated with biotin-LC-hydrazide, reduced	0	354.172562	[1]	['K']	['Anywhere']	['Chemical derivative']	[1]
IBTP	Thio Ether Formation - BTP Adduct	1	316.138088	[1]	['C']	['Anywhere']	['Chemical derivative']	[1]
OxLysBiotin	Oxidized lysine biotinylated with biotin-LC-hydrazide	0	352.156911	[1]	['K']	['Anywhere']	['Chemical derivative']	[1]
OxProBiotinRed	Oxidized proline biotinylated with biotin-LC-hydrazide, reduced	0	371.199111	[1]	['P']	['Anywhere']	['Chemical derivative']	[1]
OxProBiotin	Oxidized Proline biotinylated with biotin-LC-hydrazide	0	369.183461	[1]	['P']	['Anywhere']	['Chemical derivative']	[1]
OxArgBiotin	Oxidized arginine biotinylated with biotin-LC-hydrazide	0	310.135113	[1]	['R']	['Anywhere']	['Chemical derivative']	[1]
OxArgBiotinRed	Oxidized arginine biotinylated with biotin-LC-hydrazide, reduced	0	312.150763	[1]	['R']	['Anywhere']	['Chemical derivative']	[1]
EDT-iodoacetyl-PEO-biotin	EDT-iodo-PEO-biotin	1	490.174218	[1, 1]	['T', 'S']	['Anywhere', 'Anywhere']	['Chemical derivative', 'Chemical derivative']	[2, 1]
GG	ubiquitinylation residue	1	114.042927	[1, 1, 1, 1, 1]	['C', 'T', 'S', 'K', 'N-term']	['Anywhere', 'Anywhere', 'Anywhere', 'Anywhere', 'Protein N-term']	['Other', 'Other', 'Other', 'Other', 'Post-translational']	[4, 3, 2, 1, 5]
Formyl	Formylation	1	27.994915	[0, 1, 1, 0, 1]	['N-term', 'T', 'K', 'N-term', 'S']	['Protein N-term', 'Anywhere', 'Anywhere', 'Any N-term', 'Anywhere']	['Post-translational', 'Artefact', 'Artefact', 'Artefact', 'Artefact']	[5, 4, 1, 2, 3]
Xlink:DTSSP[88]	Cleaved and reduced DSP/DTSSP crosslinker	1	87.998285	[1, 1]	['N-term', 'K']	['Protein N-term', 'Anywhere']	['Chemical derivative', 'Chemical derivative']	[2, 1]
Xlink:EGS[226]	Intact EGS cross-linker	0	226.047738	[1, 1]	['K', 'N-term']	['Anywhere', 'Protein N-term']	['Chemical derivative', 'Chemical derivative']	[1, 2]
Fluoro	fluorination	1	17.990578	[1, 1, 1, 1]	['Y', 'W', 'F', 'A']	['Anywhere', 'Anywhere', 'Anywhere', 'Anywhere']	['Non-standard residue', 'Non-standard residue', 'Non-standard residue', 'Chemical derivative']	[3, 2, 1, 4]
Fluorescein	5-Iodoacetamidofluorescein (Molecular Probe, Eugene, OR)	1	387.074287	[1]	['C']	['Anywhere']	['Chemical derivative']	[1]
Iodo	Iodination	1	125.896648	[1, 1]	['H', 'Y']	['Anywhere', 'Anywhere']	['Chemical derivative', 'Chemical derivative']	[2, 1]
Diiodo	di-Iodination	1	251.793296	[1, 1]	['Y', 'H']	['Anywhere', 'Anywhere']	['Chemical derivative', 'Chemical derivative']	[1, 2]
Triiodo	tri-Iodination	1	377.689944	[1]	['Y']	['Anywhere']	['Chemical derivative']	[1]
Myristoleyl	(cis-delta 5)-tetradecaenoyl	1	208.182715	[1]	['G']	['Protein N-term']	['Co-translational']	[1]
Pro->Pyrrolidinone	Proline oxidation to pyrrolidinone	1	-30.010565	[1]	['P']	['Anywhere']	['Chemical derivative']	[1]
Myristoyl+Delta:H(-4)	(cis,cis-delta 5, delta 8)-tetradecadienoyl	1	206.167065	[1]	['G']	['Protein N-term']	['Co-translational']	[1]
Dansyl	5-dimethylaminonaphthalene-1-sulfonyl	1	233.051049	[1, 1]	['N-term', 'K']	['Any N-term', 'Anywhere']	['Chemical derivative', 'Chemical derivative']	[2, 1]
Amidine	amidination of lysines or N-terminal amines with methyl acetimidate	1	41.026549	[1, 1]	['N-term', 'K']	['Any N-term', 'Anywhere']	['Chemical derivative', 'Chemical derivative']	[2, 1]
HexNAc(1)dHex(1)	HexNAc1dHex1	1	349.137281	[1, 1, 1]	['T', 'S', 'N']	['Anywhere', 'Anywhere', 'Anywhere']	['O-linked glycosylation', 'O-linked glycosylation', 'N-linked glycosylation']	[2, 2, 1]
HexNAc(2)	HexNAc2	1	406.158745	[1, 1, 1]	['T', 'S', 'N']	['Anywhere', 'Anywhere', 'Anywhere']	['O-linked glycosylation', 'O-linked glycosylation', 'N-linked glycosylation']	[2, 2, 1]
Hex(3)	Hex3	1	486.158471	[1, 1, 1]	['T', 'S', 'N']	['Anywhere', 'Anywhere', 'Anywhere']	['O-linked glycosylation', 'O-linked glycosylation', 'N-linked glycosylation']	[2, 2, 1]
HexNAc(1)dHex(2)	HexNAc1dHex2	1	495.19519	[1]	['N']	['Anywhere']	['N-linked glycosylation']	[1]
NBS:13C(6)	Shimadzu NBS-13C	0	159.008578	[1]	['W']	['Anywhere']	['Chemical derivative']	[1]
NBS	Shimadzu NBS-12C	0	152.988449	[1]	['W']	['Anywhere']	['Chemical derivative']	[1]
QAT	APTA-d0	1	171.149738	[1]	['C']	['Anywhere']	['Chemical derivative']	[1]
Delta:H(4)C(2)O(-1)S(1)	S-Ethylcystine from Serine	1	44.008456	[1]	['S']	['Anywhere']	['Chemical derivative']	[1]
DAET	phosphorylation to amine thiol	1	87.050655	[1, 1]	['T', 'S']	['Anywhere', 'Anywhere']	['Chemical derivative', 'Chemical derivative']	[2, 1]
Pro->Pyrrolidone	Pyrrolidone from Proline	0	-27.994915	[1]	['P']	['Anywhere']	['Chemical derivative']	[1]
HPG	Hydroxyphenylglyoxal arginine	1	132.021129	[1]	['R']	['Anywhere']	['Chemical derivative']	[1]
2HPG	bis(hydroxphenylglyoxal) arginine	1	282.052824	[1]	['R']	['Anywhere']	['Chemical derivative']	[1]
AccQTag	6-aminoquinolyl-N-hydroxysuccinimidyl carbamate	1	170.048013	[1, 1]	['N-term', 'K']	['Any N-term', 'Anywhere']	['Chemical derivative', 'Chemical derivative']	[2, 1]
EQAT	EAPTA d0	1	184.157563	[1]	['C']	['Anywhere']	['Chemical derivative']	[1]
Ethanedithiol	EDT	1	75.980527	[1, 1]	['T', 'S']	['Anywhere', 'Anywhere']	['Chemical derivative', 'Chemical derivative']	[2, 1]
Bromo	bromination	1	77.910511	[1, 1, 1, 1]	['F', 'H', 'W', 'Y']	['Anywhere', 'Anywhere', 'Anywhere', 'Anywhere']	['Post-translational', 'Post-translational', 'Post-translational', 'Artefact']	[3, 2, 1, 4]
Amino	Tyrosine oxidation to 2-aminotyrosine	1	15.010899	[1]	['Y']	['Anywhere']	['Chemical derivative']	[1]
Argbiotinhydrazide	oxidized Arginine biotinylated with biotin hydrazide	0	199.066699	[1]	['R']	['Anywhere']	['Chemical derivative']	[1]
SPITC	4-sulfophenyl isothiocyanate	1	214.971084	[1, 1]	['K', 'N-term']	['Anywhere', 'Any N-term']	['Chemical derivative', 'Chemical derivative']	[1, 2]
Cytopiloyne	nucleophilic addtion to cytopiloyne	1	362.136553	[1, 1, 1, 1, 1, 1, 1]	['Y', 'S', 'R', 'P', 'N-term', 'K', 'C']	['Anywhere', 'Anywhere', 'Anywhere', 'Anywhere', 'Any N-term', 'Anywhere', 'Anywhere']	['Chemical derivative', 'Chemical derivative', 'Chemical derivative', 'Chemical derivative', 'Chemical derivative', 'Chemical derivative', 'Chemical derivative']	[7, 6, 5, 4, 3, 2, 1]
Cytopiloyne+water	nucleophilic addition to cytopiloyne+H2O	1	380.147118	[1, 1, 1, 1, 1, 1, 1]	['Y', 'T', 'S', 'R', 'N-term', 'K', 'C']	['Anywhere', 'Anywhere', 'Anywhere', 'Anywhere', 'Any N-term', 'Anywhere', 'Anywhere']	['Chemical derivative', 'Chemical derivative', 'Chemical derivative', 'Chemical derivative', 'Chemical derivative', 'Chemical derivative', 'Chemical derivative']	[7, 6, 5, 4, 3, 2, 1]
PET	phosphorylation to pyridyl thiol	1	121.035005	[1, 1]	['T', 'S']	['Anywhere', 'Anywhere']	['Chemical derivative', 'Chemical derivative']	[2, 1]
CAF	sulfonation of N-terminus	1	135.983029	[1]	['N-term']	['Any N-term']	['Chemical derivative']	[1]
Xlink:BS2G[96]	Intact BS2-G crosslinker	0	96.021129	[1, 1]	['N-term', 'K']	['Protein N-term', 'Anywhere']	['Chemical derivative', 'Chemical derivative']	[2, 1]
Nitrosyl	nitrosylation	1	28.990164	[1, 1]	['C', 'Y']	['Anywhere', 'Anywhere']	['Post-translational', 'Chemical derivative']	[1, 2]
Kdo	Glycosylation with KDO	0	220.058303	[1, 1]	['T', 'S']	['Anywhere', 'Anywhere']	['O-linked glycosylation', 'O-linked glycosylation']	[1, 1]
Ethanolyl	Ethanolation	1	44.026215	[1, 1, 1]	['K', 'C', 'R']	['Anywhere', 'Anywhere', 'Anywhere']	['Chemical derivative', 'Chemical derivative', 'Chemical derivative']	[2, 1, 3]
HMVK	Michael addition of hydroxymethylvinyl ketone to cysteine	1	86.036779	[1]	['C']	['Anywhere']	['Chemical derivative']	[1]
Ethyl	Ethylation	1	28.0313	[1, 1, 1, 1, 1, 1]	['C-term', 'N-term', 'E', 'N-term', 'K', 'D']	['Any C-term', 'Protein N-term', 'Anywhere', 'Any N-term', 'Anywhere', 'Anywhere']	['Chemical derivative', 'Chemical derivative', 'Artefact', 'Multiple', 'Multiple', 'Chemical derivative']	[5, 4, 3, 2, 1, 6]
Methyl+Deamidated	Deamidation followed by a methylation	1	14.999666	[1, 1]	['Q', 'N']	['Anywhere', 'Anywhere']	['Post-translational', 'Chemical derivative']	[1, 2]
Delta:H(5)C(2)	Dimethylation of proline residue	1	29.039125	[1]	['P']	['Anywhere']	['Post-translational']	[1]
SulfanilicAcid:13C(6)	Heavy Sulfanilic Acid (SA) C13	1	161.024228	[1, 1, 1]	['E', 'D', 'C-term']	['Anywhere', 'Anywhere', 'Any C-term']	['Chemical derivative', 'Chemical derivative', 'Chemical derivative']	[3, 2, 1]
Biotin-PEO-Amine	Biotin polyethyleneoxide amine	0	356.188212	[1, 1, 1]	['D', 'C-term', 'E']	['Anywhere', 'Protein C-term', 'Anywhere']	['Chemical derivative', 'Chemical derivative', 'Chemical derivative']	[2, 1, 3]
Trp->Oxolactone	Tryptophan oxidation to oxolactone	1	13.979265	[1]	['W']	['Anywhere']	['Chemical derivative']	[1]
Biotin-HPDP	Pierce EZ-Link Biotin-HPDP	0	428.191582	[1]	['C']	['Anywhere']	['Chemical derivative']	[1]
Delta:Hg(1)	Mercury Mercaptan	1	201.970617	[1]	['C']	['Anywhere']	['Chemical derivative']	[1]
IodoU-AMP	(Iodo)-uracil MP	1	322.020217	[1, 1, 1]	['Y', 'W', 'F']	['Anywhere', 'Anywhere', 'Anywhere']	['Chemical derivative', 'Chemical derivative', 'Chemical derivative']	[3, 2, 1]
CAMthiopropanoyl	3-(carbamidomethylthio)propanoyl	1	145.019749	[1, 1]	['N-term', 'K']	['Protein N-term', 'Anywhere']	['Chemical derivative', 'Chemical derivative']	[2, 1]
IED-Biotin	biotinoyl-iodoacetyl-ethylenediamine	1	326.141261	[1]	['C']	['Anywhere']	['Chemical derivative']	[1]
dHex	Fucose	1	146.057909	[1, 1, 1]	['N', 'T', 'S']	['Anywhere', 'Anywhere', 'Anywhere']	['N-linked glycosylation', 'O-linked glycosylation', 'O-linked glycosylation']	[2, 1, 1]
Carboxy	Carboxylation	0	43.989829	[1, 1, 1, 1, 1]	['E', 'D', 'K', 'W', 'M']	['Anywhere', 'Anywhere', 'Anywhere', 'Anywhere', 'Protein N-term']	['Post-translational', 'Post-translational', 'Post-translational', 'Chemical derivative', 'Post-translational']	[4, 3, 2, 1, 5]
Bromobimane	Monobromobimane derivative	1	190.074228	[1]	['C']	['Anywhere']	['Chemical derivative']	[1]
Menadione	Menadione quinone derivative	0	170.036779	[1, 1]	['K', 'C']	['Anywhere', 'Anywhere']	['Chemical derivative', 'Chemical derivative']	[2, 1]
DeStreak	Cysteine mercaptoethanol	1	75.998285	[1]	['C']	['Anywhere']	['Chemical derivative']	[1]
Lys-loss	Loss of C-terminal K from Heavy Chain of MAb	1	-128.094963	[1]	['K']	['Protein C-term']	['Post-translational']	[1]
Nmethylmaleimide	Nmethylmaleimide	1	111.032028	[1, 1]	['K', 'C']	['Anywhere', 'Anywhere']	['Chemical derivative', 'Chemical derivative']	[2, 1]
DimethylpyrroleAdduct	2,5-dimethypyrrole	1	78.04695	[1]	['K']	['Anywhere']	['Chemical derivative']	[1]
Delta:H(2)C(5)	MDA adduct +62	1	62.01565	[1]	['K']	['Anywhere']	['Chemical derivative']	[1]
Delta:H(2)C(3)O(1)	MDA adduct +54	1	54.010565	[1, 1]	['K', 'R']	['Anywhere', 'Anywhere']	['Chemical derivative', 'Chemical derivative']	[1, 2]
Nethylmaleimide+water	Nethylmaleimidehydrolysis	1	143.058243	[1, 1]	['K', 'C']	['Anywhere', 'Anywhere']	['Chemical derivative', 'Chemical derivative']	[2, 1]
Xlink:DTBP[87]	Cleaved and reduced DTBP crosslinker	0	87.01427	[1, 1]	['N-term', 'K']	['Protein N-term', 'Anywhere']	['Chemical derivative', 'Chemical derivative']	[2, 1]
Can-FP-biotin	6-N-biotinylaminohexyl isopropyl phosphate	0	447.195679	[1, 1, 1]	['T', 'Y', 'S']	['Anywhere', 'Anywhere', 'Anywhere']	['Chemical derivative', 'Chemical derivative', 'Chemical derivative']	[3, 2, 1]
HNE+Delta:H(2)	reduced 4-Hydroxynonenal	1	158.13068	[1, 1, 1]	['K', 'H', 'C']	['Anywhere', 'Anywhere', 'Anywhere']	['Chemical derivative', 'Chemical derivative', 'Chemical derivative']	[3, 2, 1]
Thrbiotinhydrazide	oxidized Threonine biotinylated with biotin hydrazide	0	240.104482	[1]	['T']	['Anywhere']	['Chemical derivative']	[1]
Diisopropylphosphate	O-Diisopropylphosphorylation	0	164.060231	[1, 1, 1, 1, 1]	['K', 'Y', 'T', 'S', 'N-term']	['Anywhere', 'Anywhere', 'Anywhere', 'Anywhere', 'Any N-term']	['Chemical derivative', 'Chemical derivative', 'Chemical derivative', 'Chemical derivative', 'Chemical derivative']	[4, 3, 2, 1, 5]
Isopropylphospho	O-Isopropylphosphorylation	0	122.013281	[1, 1, 1]	['Y', 'T', 'S']	['Anywhere', 'Anywhere', 'Anywhere']	['Chemical derivative', 'Chemical derivative', 'Chemical derivative']	[3, 2, 1]
Diphthamide	Diphthamide	1	142.110613	[1]	['H']	['Anywhere']	['Post-translational']	[1]
Hydroxyfarnesyl	hydroxyfarnesyl	1	220.182715	[1]	['C']	['Anywhere']	['Post-translational']	[1]
Carboxyethyl	carboxyethyl	1	72.021129	[1, 1]	['K', 'H']	['Anywhere', 'Anywhere']	['Post-translational', 'Chemical derivative']	[1, 2]
Hypusine	hypusine	1	87.068414	[1]	['K']	['Anywhere']	['Post-translational']	[1]
Retinylidene	retinal	1	266.203451	[1]	['K']	['Anywhere']	['Post-translational']	[1]
Lys->AminoadipicAcid	alpha-amino adipic acid	1	14.96328	[1]	['K']	['Anywhere']	['Post-translational']	[1]
Cys->PyruvicAcid	pyruvic acid from N-term cys	1	-33.003705	[1]	['C']	['Protein N-term']	['Post-translational']	[1]
Ammonia-loss	Loss of ammonia	0	-17.026549	[0, 1, 1, 1]	['C', 'S', 'T', 'N']	['Any N-term', 'Protein N-term', 'Protein N-term', 'Anywhere']	['Artefact', 'Post-translational', 'Post-translational', 'Chemical derivative']	[3, 2, 1, 4]
Quinone	quinone	1	29.974179	[1, 1]	['W', 'Y']	['Anywhere', 'Anywhere']	['Post-translational', 'Post-translational']	[2, 1]
Glucosylgalactosyl	glucosylgalactosyl hydroxylysine	1	340.100562	[1]	['K']	['Anywhere']	['Other glycosylation']	[1]
GPIanchor	glycosylphosphatidylinositol	0	123.00853	[1]	['C-term']	['Protein C-term']	['Post-translational']	[1]
GlycerylPE	glycerylphosphorylethanolamine	1	197.04531	[1]	['E']	['Anywhere']	['Post-translational']	[1]
Triiodothyronine	triiodo	1	469.716159	[1]	['Y']	['Anywhere']	['Post-translational']	[1]
Tyr->Dha	Dehydroalanine (from Tyrosine)	1	-94.041865	[1]	['Y']	['Anywhere']	['Post-translational']	[1]
Didehydro	2-amino-3-oxo-butanoic_acid	1	-2.01565	[1, 1, 1, 1]	['S', 'Y', 'T', 'K']	['Anywhere', 'Anywhere', 'Anywhere', 'Any C-term']	['Post-translational', 'Post-translational', 'Chemical derivative', 'Artefact']	[2, 1, 3, 4]
Cys->Oxoalanine	oxoalanine	1	-17.992806	[1]	['C']	['Anywhere']	['Post-translational']	[1]
Ser->LacticAcid	lactic acid from N-term Ser	1	-15.010899	[1]	['S']	['Protein N-term']	['Post-translational']	[1]
GluGlu	diglutamyl	0	258.085186	[1, 1]	['E', 'C-term']	['Anywhere', 'Protein C-term']	['Post-translational', 'Post-translational']	[2, 1]
Phosphoadenosine	AMP	1	329.05252	[1, 1, 1, 1, 1]	['H', 'T', 'K', 'Y', 'S']	['Anywhere', 'Anywhere', 'Anywhere', 'Anywhere', 'Anywhere']	['Post-translational', 'Post-translational', 'Post-translational', 'Post-translational', 'Post-translational']	[4, 3, 2, 1, 5]
Glu	monoglutamyl	0	129.042593	[1, 1]	['E', 'C-term']	['Anywhere', 'Protein C-term']	['Post-translational', 'Chemical derivative']	[2, 1]
Hydroxycinnamyl	hydroxycinnamyl	1	146.036779	[1]	['C']	['Anywhere']	['Post-translational']	[1]
Glycosyl	glycosyl-L-hydroxyproline	1	148.037173	[1]	['P']	['Anywhere']	['Other glycosylation']	[1]
FMNH	flavin mononucleotide	1	454.088965	[1, 1]	['H', 'C']	['Anywhere', 'Anywhere']	['Post-translational', 'Post-translational']	[2, 1]
Phenylisocyanate	phenyl isocyanate	1	119.037114	[1]	['N-term']	['Any N-term']	['Chemical derivative']	[1]
Phenylisocyanate:2H(5)	d5-phenyl isocyanate	1	124.068498	[1]	['N-term']	['Any N-term']	['Chemical derivative']	[1]
Phosphoguanosine	phospho-guanosine	1	345.047435	[1, 1]	['H', 'K']	['Anywhere', 'Anywhere']	['Post-translational', 'Post-translational']	[2, 1]
Hydroxymethyl	hydroxymethyl	1	30.010565	[1]	['N']	['Anywhere']	['Post-translational']	[1]
Dipyrrolylmethanemethyl	dipyrrolylmethanemethyl	1	418.137616	[1]	['C']	['Anywhere']	['Post-translational']	[1]
PhosphoUridine	uridine phosphodiester	1	306.025302	[1, 1]	['H', 'Y']	['Anywhere', 'Anywhere']	['Post-translational', 'Post-translational']	[2, 1]
Glycerophospho	glycerophospho	1	154.00311	[1]	['S']	['Anywhere']	['Post-translational']	[1]
Carboxy->Thiocarboxy	thiocarboxylic acid	1	15.977156	[1]	['G']	['Protein C-term']	['Post-translational']	[1]
Sulfide	persulfide	1	31.972071	[1, 1, 1]	['D', 'C', 'W']	['Anywhere', 'Anywhere', 'Anywhere']	['Post-translational', 'Post-translational', 'Chemical derivative']	[2, 1, 3]
PyruvicAcidIminyl	N-pyruvic acid 2-iminyl	1	70.005479	[1, 1, 1]	['K', 'V', 'C']	['Anywhere', 'Protein N-term', 'Protein N-term']	['Post-translational', 'Post-translational', 'Post-translational']	[3, 2, 1]
Delta:Se(1)	selenyl	1	79.91652	[1]	['C']	['Anywhere']	['Post-translational']	[1]
Dioxidation	dihydroxy	1	31.989829	[1, 1, 1, 1, 1, 0, 1, 1, 1, 1, 1, 1, 1]	['U', 'C', 'W', 'Y', 'F', 'M', 'K', 'R', 'P', 'E', 'I', 'L', 'V']	['Anywhere', 'Anywhere', 'Anywhere', 'Anywhere', 'Anywhere', 'Anywhere', 'Anywhere', 'Anywhere', 'Anywhere', 'Anywhere', 'Anywhere', 'Anywhere', 'Anywhere']	['Multiple', 'Post-translational', 'Chemical derivative', 'Post-translational', 'Chemical derivative', 'Post-translational', 'Post-translational', 'Post-translational', 'Post-translational', 'Chemical derivative', 'Chemical derivative', 'Chemical derivative', 'Chemical derivative']	[9, 8, 6, 7, 5, 4, 3, 2, 1, 10, 11, 12, 13]
Octanoyl	octanoyl	1	126.104465	[1, 1, 1]	['T', 'S', 'C']	['Anywhere', 'Anywhere', 'Anywhere']	['Post-translational', 'Post-translational', 'Post-translational']	[2, 1, 3]
PhosphoHexNAc	N-acetylglucosamine-1-phosphoryl	1	283.045704	[1, 1]	['T', 'S']	['Anywhere', 'Anywhere']	['O-linked glycosylation', 'O-linked glycosylation']	[1, 1]
PhosphoHex	phosphoglycosyl-D-mannose-1-phosphoryl	1	242.019154	[1, 1]	['T', 'S']	['Anywhere', 'Anywhere']	['O-linked glycosylation', 'O-linked glycosylation']	[1, 1]
Palmitoleyl	palmitoleyl	1	236.214016	[1, 1, 1]	['C', 'S', 'T']	['Anywhere', 'Anywhere', 'Anywhere']	['Post-translational', 'Post-translational', 'Pre-translational']	[1, 2, 3]
Cholesterol	cholesterol ester	1	368.344302	[1]	['C-term']	['Protein C-term']	['Post-translational']	[1]
Didehydroretinylidene	3,4-didehydroretinylidene	1	264.187801	[1]	['K']	['Anywhere']	['Post-translational']	[1]
CHDH	cis-14-hydroxy-10,13-dioxo-7-heptadecenoic ester	1	294.183109	[1]	['D']	['Anywhere']	['Post-translational']	[1]
Methylpyrroline	4-methyl-delta-1-pyrroline-5-carboxyl	1	109.052764	[1]	['K']	['Anywhere']	['Post-translational']	[1]
MicrocinC7	(3-aminopropyl)(L-aspartyl-1-amino)phosphoryl-5-adenosine	1	386.110369	[1]	['C-term']	['Protein C-term']	['Post-translational']	[1]
Cyano	cyano	1	24.995249	[1]	['C']	['Anywhere']	['Post-translational']	[1]
Diironsubcluster	hydrogenase diiron subcluster	1	342.786916	[1]	['C']	['Anywhere']	['Post-translational']	[1]
Amidino	amidino	1	42.021798	[1]	['C']	['Anywhere']	['Post-translational']	[1]
FMN	O3-(riboflavin phosphoryl)	1	438.094051	[1, 1]	['S', 'T']	['Anywhere', 'Anywhere']	['Post-translational', 'Post-translational']	[2, 1]
FMNC	S-(4a-FMN)	1	456.104615	[1]	['C']	['Anywhere']	['Post-translational']	[1]
Hydroxytrimethyl	5-hydroxy-N6,N6,N6-trimethyl	1	59.04969	[1]	['K']	['Anywhere']	['Post-translational']	[1]
Deoxy	reduction	1	-15.994915	[1, 1, 1]	['T', 'D', 'S']	['Anywhere', 'Anywhere', 'Anywhere']	['Chemical derivative', 'Post-translational', 'Chemical derivative']	[3, 1, 2]
Decanoyl	lipid	1	154.135765	[1, 1]	['T', 'S']	['Anywhere', 'Anywhere']	['Post-translational', 'Post-translational']	[2, 1]
GluGluGlu	triglutamyl	0	387.127779	[1, 1]	['C-term', 'E']	['Protein C-term', 'Anywhere']	['Post-translational', 'Post-translational']	[1, 2]
HexN	Hexosamine	1	161.068808	[1, 1, 1, 1, 1]	['W', 'T', 'S', 'N', 'K']	['Anywhere', 'Anywhere', 'Anywhere', 'Anywhere', 'Anywhere']	['Other glycosylation', 'O-linked glycosylation', 'O-linked glycosylation', 'N-linked glycosylation', 'Synth. pep. protect. gp.']	[4, 3, 3, 2, 1]
Xlink:DMP[154]	Free monolink of DMP crosslinker	0	154.110613	[1, 1]	['N-term', 'K']	['Protein N-term', 'Anywhere']	['Chemical derivative', 'Chemical derivative']	[2, 1]
NDA	naphthalene-2,3-dicarboxaldehyde	0	175.042199	[1, 1]	['N-term', 'K']	['Any N-term', 'Anywhere']	['Chemical derivative', 'Chemical derivative']	[2, 1]
SPITC:13C(6)	4-sulfophenyl isothiocyanate (Heavy C13)	1	220.991213	[1, 1]	['N-term', 'K']	['Any N-term', 'Anywhere']	['Chemical derivative', 'Chemical derivative']	[2, 1]
FTC	fluorescein-5-thiosemicarbazide	1	421.073241	[1, 1, 1, 1, 1]	['S', 'R', 'P', 'K', 'C']	['Anywhere', 'Anywhere', 'Anywhere', 'Anywhere', 'Anywhere']	['Chemical derivative', 'Chemical derivative', 'Chemical derivative', 'Chemical derivative', 'Chemical derivative']	[5, 4, 3, 2, 1]
AEC-MAEC	aminoethylcysteine	0	59.019355	[1, 1]	['T', 'S']	['Anywhere', 'Anywhere']	['Chemical derivative', 'Chemical derivative']	[2, 1]
Hep	Heptose	1	192.063388	[1, 1, 1, 1, 1, 1]	['T', 'S', 'R', 'Q', 'N', 'K']	['Anywhere', 'Anywhere', 'Anywhere', 'Anywhere', 'Anywhere', 'Anywhere']	['O-linked glycosylation', 'O-linked glycosylation', 'N-linked glycosylation', 'Other glycosylation', 'N-linked glycosylation', 'Other glycosylation']	[5, 5, 4, 3, 2, 1]
DHP	Dehydropyrrolizidine alkaloid (dehydroretronecine) on cysteines	0	118.065674	[1]	['C']	['Anywhere']	['Chemical derivative']	[1]
Nmethylmaleimide+water	Nmethylmaleimidehydrolysis	0	129.042593	[1]	['C']	['Anywhere']	['Chemical derivative']	[1]
PyMIC	3-methyl-2-pyridyl isocyanate	0	134.048013	[1]	['N-term']	['Any N-term']	['Chemical derivative']	[1]
LG-lactam-K	Levuglandinyl - lysine lactam adduct	0	332.19876	[1, 1]	['N-term', 'K']	['Protein N-term', 'Anywhere']	['Post-translational', 'Post-translational']	[2, 1]
Piperidine	Piperidination	0	68.0626	[1, 1]	['N-term', 'K']	['Any N-term', 'Anywhere']	['Chemical derivative', 'Chemical derivative']	[2, 1]
Diethyl	Diethylation, analogous to Dimethylation	0	56.0626	[1, 1]	['N-term', 'K']	['Any N-term', 'Anywhere']	['Chemical derivative', 'Chemical derivative']	[2, 1]
LG-Hlactam-K	Levuglandinyl - lysine hydroxylactam adduct	0	348.193674	[1, 1]	['N-term', 'K']	['Protein N-term', 'Anywhere']	['Post-translational', 'Post-translational']	[2, 1]
C8-QAT	[3-(2,5)-Dioxopyrrolidin-1-yloxycarbonyl)-propyl]dimethyloctylammonium	0	227.224915	[1, 1]	['N-term', 'K']	['Any N-term', 'Anywhere']	['Chemical derivative', 'Chemical derivative']	[2, 1]
Hex(2)	Lactosylation	0	324.105647	[1, 1, 1, 1]	['R', 'K', 'S', 'T']	['Anywhere', 'Anywhere', 'Anywhere', 'Anywhere']	['Other glycosylation', 'Other glycosylation', 'O-linked glycosylation', 'O-linked glycosylation']	[2, 1, 3, 3]
LG-lactam-R	Levuglandinyl - arginine lactam adduct	0	290.176961	[1]	['R']	['Anywhere']	['Post-translational']	[1]
Withaferin	Modification of cystein by withaferin	0	470.266839	[1]	['C']	['Anywhere']	['Chemical derivative']	[1]
Biotin:Thermo-88317	desthiobiotin fluorophosphonate	0	443.291294	[1, 1]	['S', 'Y']	['Anywhere', 'Anywhere']	['Chemical derivative', 'Chemical derivative']	[2, 1]
LG-Hlactam-R	Levuglandinyl - arginine hydroxylactam adduct	0	306.171876	[1]	['R']	['Anywhere']	['Post-translational']	[1]
Sulfo-NHS-LC-LC-Biotin	Biot_LC_LC	0	452.245726	[1, 1]	['N-term', 'K']	['Any N-term', 'Anywhere']	['Chemical derivative', 'Chemical derivative']	[2, 1]
FNEM	fluorescein-5-maleimide	0	427.069202	[1]	['C']	['Anywhere']	['Chemical derivative']	[1]
PropylNAGthiazoline	propyl-1,2-dideoxy-2\'-methyl-alpha-D-glucopyranoso-[2,1-d]-Delta2\'-thiazoline	0	232.064354	[1]	['C']	['Anywhere']	['Chemical derivative']	[1]
Dibromo	Dibromo	1	155.821022	[1]	['Y']	['Anywhere']	['Chemical derivative']	[1]
LRGG	Ubiquitination	1	383.228103	[1]	['K']	['Anywhere']	['Chemical derivative']	[1]
BDMAPP	Mass Defect Tag on lysine e-amino	0	253.010225	[1, 1, 1, 1, 1]	['W', 'Y', 'N-term', 'K', 'H']	['Anywhere', 'Anywhere', 'Protein N-term', 'Anywhere', 'Anywhere']	['Artefact', 'Artefact', 'Chemical derivative', 'Chemical derivative', 'Artefact']	[5, 4, 3, 2, 1]
NA-LNO2	Nitroalkylation by Nitro Linoleic Acid	0	325.225309	[1, 1]	['C', 'H']	['Anywhere', 'Anywhere']	['Post-translational', 'Post-translational']	[1, 2]
NA-OA-NO2	Nitroalkylation by Nitro Oleic Acid	0	327.240959	[1, 1]	['C', 'H']	['Anywhere', 'Anywhere']	['Post-translational', 'Post-translational']	[1, 2]
HNE-Delta:H(2)O	Dehydrated 4-hydroxynonenal	0	138.104465	[1, 1, 1]	['K', 'H', 'C']	['Anywhere', 'Anywhere', 'Anywhere']	['Chemical derivative', 'Chemical derivative', 'Chemical derivative']	[3, 2, 1]
4-ONE	4-Oxononenal (ONE)	0	154.09938	[1, 1, 1]	['K', 'H', 'C']	['Anywhere', 'Anywhere', 'Anywhere']	['Chemical derivative', 'Chemical derivative', 'Chemical derivative']	[3, 2, 1]
O-Dimethylphosphate	O-Dimethylphosphorylation	0	107.997631	[1, 1, 1]	['Y', 'T', 'S']	['Anywhere', 'Anywhere', 'Anywhere']	['Chemical derivative', 'Chemical derivative', 'Chemical derivative']	[3, 2, 1]
O-Methylphosphate	O-Methylphosphorylation	0	93.981981	[1, 1, 1]	['Y', 'T', 'S']	['Anywhere', 'Anywhere', 'Anywhere']	['Chemical derivative', 'Chemical derivative', 'Chemical derivative']	[3, 2, 1]
Diethylphosphate	O-Diethylphosphorylation	0	136.028931	[1, 1, 1, 1, 1, 1, 1]	['N-term', 'H', 'C', 'K', 'Y', 'T', 'S']	['Any N-term', 'Anywhere', 'Anywhere', 'Anywhere', 'Anywhere', 'Anywhere', 'Anywhere']	['Chemical derivative', 'Chemical derivative', 'Chemical derivative', 'Chemical derivative', 'Chemical derivative', 'Chemical derivative', 'Chemical derivative']	[7, 6, 5, 4, 3, 2, 1]
Ethylphosphate	O-Ethylphosphorylation	0	107.997631	[1, 1, 1, 1, 1]	['N-term', 'K', 'Y', 'T', 'S']	['Any N-term', 'Anywhere', 'Anywhere', 'Anywhere', 'Anywhere']	['Chemical derivative', 'Chemical derivative', 'Chemical derivative', 'Chemical derivative', 'Chemical derivative']	[5, 4, 3, 2, 1]
O-pinacolylmethylphosphonate	O-pinacolylmethylphosphonylation	0	162.080967	[1, 1, 1, 1, 1]	['T', 'S', 'K', 'Y', 'H']	['Anywhere', 'Anywhere', 'Anywhere', 'Anywhere', 'Anywhere']	['Chemical derivative', 'Chemical derivative', 'Chemical derivative', 'Chemical derivative', 'Chemical derivative']	[2, 1, 5, 3, 4]
Methylphosphonate	Methylphosphonylation	0	77.987066	[1, 1, 1]	['Y', 'T', 'S']	['Anywhere', 'Anywhere', 'Anywhere']	['Chemical derivative', 'Chemical derivative', 'Chemical derivative']	[3, 2, 1]
O-Isopropylmethylphosphonate	O-Isopropylmethylphosphonylation	0	120.034017	[1, 1, 1]	['Y', 'T', 'S']	['Anywhere', 'Anywhere', 'Anywhere']	['Chemical derivative', 'Chemical derivative', 'Chemical derivative']	[3, 2, 1]
BEMAD_ST	Beta elimination of modified S or T followed by Michael addition of DTT	0	136.001656	[1, 1]	['T', 'S']	['Anywhere', 'Anywhere']	['Chemical derivative', 'Chemical derivative']	[2, 1]
Ethanolamine	Carboxyl modification with ethanolamine	0	43.042199	[1, 1, 1, 1]	['D', 'C-term', 'E', 'C']	['Anywhere', 'Any C-term', 'Anywhere', 'Anywhere']	['Chemical derivative', 'Chemical derivative', 'Chemical derivative', 'Chemical derivative']	[2, 1, 3, 4]
BEMAD_C	Beta elimination of alkylated Cys followed by Michael addition of DTT	0	120.0245	[1]	['C']	['Anywhere']	['Chemical derivative']	[1]
TMT	Native Tandem Mass Tag®	0	224.152478	[1, 1, 1, 1, 1, 1]	['N-term', 'N-term', 'K', 'H', 'S', 'T']	['Protein N-term', 'Any N-term', 'Anywhere', 'Anywhere', 'Anywhere', 'Anywhere']	['Chemical derivative', 'Chemical derivative', 'Chemical derivative', 'Isotopic label', 'Isotopic label', 'Isotopic label']	[3, 2, 1, 4, 5, 6]
NO_SMX_SEMD	Nitroso Sulfamethoxazole Sulphenamide thiol adduct	0	252.044287	[1]	['C']	['Anywhere']	['Chemical derivative']	[1]
4-ONE+Delta:H(-2)O(-1)	Dehydrated 4-Oxononenal Michael adduct	0	136.088815	[1, 1, 1]	['K', 'H', 'C']	['Anywhere', 'Anywhere', 'Anywhere']	['Chemical derivative', 'Chemical derivative', 'Chemical derivative']	[3, 2, 1]
NO_SMX_SMCT	Nitroso Sulfamethoxazole semimercaptal thiol adduct	0	268.039202	[1]	['C']	['Anywhere']	['Chemical derivative']	[1]
NO_SMX_SIMD	Nitroso Sulfamethoxazole Sulfinamide thiol adduct	0	267.031377	[1]	['C']	['Anywhere']	['Chemical derivative']	[1]
Malonyl	Malonylation	0	86.000394	[1, 1, 1]	['C', 'S', 'K']	['Anywhere', 'Anywhere', 'Anywhere']	['Chemical derivative', 'Chemical derivative', 'Post-translational']	[1, 2, 3]
3sulfo	derivatization by N-term modification using 3-Sulfobenzoic succinimidyl ester	0	183.983029	[1]	['N-term']	['Any N-term']	['Chemical derivative']	[1]
TNBS	tri nitro benzene	0	210.986535	[1, 1]	['N-term', 'K']	['Any N-term', 'Anywhere']	['Chemical derivative', 'Chemical derivative']	[2, 1]
lapachenole	lapachenole photochemically added to cysteine	0	240.11503	[1]	['C']	['Anywhere']	['Chemical derivative']	[1]
maleimide	maleimide	0	97.016378	[1, 1]	['K', 'C']	['Anywhere', 'Anywhere']	['Chemical derivative', 'Chemical derivative']	[2, 1]
Met-loss	Removal of initiator methionine from protein N-terminus	0	-131.040485	[1]	['M']	['Protein N-term']	['Co-translational']	[1]
Met-loss+Acetyl	Removal of initiator methionine from protein N-terminus, then acetylation of the new N-terminus	0	-89.02992	[1]	['M']	['Protein N-term']	['Co-translational']	[1]
Menadione-HQ	Menadione hydroquinone derivative	0	172.05243	[1, 1]	['K', 'C']	['Anywhere', 'Anywhere']	['Chemical derivative', 'Chemical derivative']	[2, 1]
Carboxymethyl:13C(2)	Iodoacetic acid derivative w/ 13C label	0	60.012189	[1]	['C']	['Anywhere']	['Chemical derivative']	[1]
NEM:2H(5)	D5 N-ethylmaleimide on cysteines	0	130.079062	[1]	['C']	['Anywhere']	['Chemical derivative']	[1]
Gly-loss+Amide	Enzymatic glycine removal leaving an amidated C-terminus	0	-58.005479	[1]	['G']	['Any C-term']	['Post-translational']	[1]
Arg->Npo	Arginine replacement by Nitropyrimidyl ornithine	0	80.985078	[1]	['R']	['Anywhere']	['Chemical derivative']	[1]
Pentylamine	Labeling transglutaminase substrate on glutamine side chain	0	85.089149	[1]	['Q']	['Anywhere']	['Chemical derivative']	[1]
Biotin:Thermo-21345	was PentylamineBiotin	0	311.166748	[1]	['Q']	['Anywhere']	['Chemical derivative']	[1]
Xlink:DFDNB	Intact DFDNB crosslinker	0	163.985807	[1, 1, 1, 1]	['N', 'Q', 'R', 'K']	['Anywhere', 'Anywhere', 'Anywhere', 'Anywhere']	['Chemical derivative', 'Chemical derivative', 'Chemical derivative', 'Chemical derivative']	[4, 3, 2, 1]
Hex(1)HexNAc(1)	Hex1HexNAc1	0	365.132196	[1, 1, 1]	['N', 'T', 'S']	['Anywhere', 'Anywhere', 'Anywhere']	['N-linked glycosylation', 'O-linked glycosylation', 'O-linked glycosylation']	[2, 1, 1]
Xlink:BMOE	Intact or monolink BMOE crosslinker	0	220.048407	[1]	['C']	['Anywhere']	['Chemical derivative']	[1]
Biotin:Thermo-21360	was Biotin-PEO4-hydrazide	0	487.246455	[1]	['C-term']	['Anywhere']	['Chemical derivative']	[1]
cGMP	S-guanylation	0	343.031785	[1, 1]	['S', 'C']	['Anywhere', 'Anywhere']	['Post-translational', 'Post-translational']	[2, 1]
cGMP+RMP-loss	S-guanylation-2	0	150.041585	[1, 1]	['C', 'S']	['Anywhere', 'Anywhere']	['Post-translational', 'Post-translational']	[1, 2]
Arg2PG	Adduct of phenylglyoxal with Arg	0	266.057909	[1]	['R']	['Anywhere']	['Chemical derivative']	[1]
Label:2H(4)+GG	Ubiquitination 2H4 lysine	0	118.068034	[1]	['K']	['Anywhere']	['Post-translational']	[1]
spermine	spermine adduct	0	185.189198	[1]	['Q']	['Anywhere']	['Chemical derivative']	[1]
MDCC	covalent linkage of maleimidyl coumarin probe (Molecular Probes D-10253)	0	383.148121	[1]	['C']	['Anywhere']	['Chemical derivative']	[1]
Bodipy	Bodipy modifications onto cysteine	0	414.167478	[1]	['C']	['Anywhere']	['Chemical derivative']	[1]
pyrophospho	pyrophosphorylation of Ser/Thr	0	159.932662	[1, 1]	['T', 'S']	['Anywhere', 'Anywhere']	['Post-translational', 'Post-translational']	[2, 1]
4AcAllylGal	2,3,4,6-tetra-O-Acetyl-1-allyl-alpha-D-galactopyranoside modification of cysteine	0	372.142033	[1]	['C']	['Anywhere']	['Chemical derivative']	[1]
DimethylArsino	Reaction with dimethylarsinous (AsIII) acid	0	103.960719	[1]	['C']	['Anywhere']	['Post-translational']	[1]
Lys->CamCys	Lys->Cys substitution and carbamidomethylation	0	31.935685	[1]	['K']	['Anywhere']	['Pre-translational']	[1]
Phe->CamCys	Phe->Cys substitution and carbamidomethylation	0	12.962234	[1]	['F']	['Anywhere']	['Pre-translational']	[1]
Leu->MetOx	Leu->Met substitution and sulfoxidation	0	33.951335	[1]	['L']	['Anywhere']	['Pre-translational']	[1]
Lys->MetOx	Lys->Met substitution and sulfoxidation	0	18.940436	[1]	['K']	['Anywhere']	['Pre-translational']	[1]
Galactosyl	Gluconoylation	0	178.047738	[1, 1]	['N-term', 'K']	['Any N-term', 'Anywhere']	['Other glycosylation', 'Other glycosylation']	[2, 1]
Xlink:SMCC[321]	Monolink of SMCC terminated with 3-(dimethylamino)-1-propylamine	0	321.205242	[1]	['C']	['Anywhere']	['Chemical derivative']	[1]
Bacillosamine	2,4-diacetamido-2,4,6-trideoxyglucopyranose	0	228.111007	[1]	['N']	['Anywhere']	['N-linked glycosylation']	[1]
MTSL	Cys modification by (1-oxyl-2,2,5,5-tetramethyl-3-pyrroline-3-methyl)methanesulfonate (MTSL)	0	184.07961	[1]	['C']	['Anywhere']	['Chemical derivative']	[1]
Ethoxyformyl	Ethoxyformylation	0	72.021129	[1]	['H']	['Anywhere']	['Chemical derivative']	[1]
Methylmalonylation	Methylmalonylation on Serine	0	100.016044	[1]	['S']	['Anywhere']	['Chemical derivative']	[1]
Cys->methylaminoAla	carbamidomethylated Cys that undergoes beta-elimination and Michael addition of methylamine	0	-2.945522	[1]	['C']	['Anywhere']	['Chemical derivative']	[1]
Cys->ethylaminoAla	Carbamidomethylated Cys that undergoes beta-elimination and Michael addition of ethylamine	0	11.070128	[1]	['C']	['Anywhere']	['Chemical derivative']	[1]
ethylamino	ethyl amino	0	27.047285	[1, 1]	['S', 'T']	['Anywhere', 'Anywhere']	['Chemical derivative', 'Chemical derivative']	[1, 2]
MercaptoEthanol	2-OH-ethyl thio-Ser	0	60.003371	[1, 1]	['S', 'T']	['Anywhere', 'Anywhere']	['Chemical derivative', 'Chemical derivative']	[1, 2]
Atto495Maleimide	High molecular absorption maleimide label for proteins	0	474.250515	[1]	['C']	['Anywhere']	['Chemical derivative']	[1]
Ethyl+Deamidated	deamidation followed by esterification with ethanol	0	29.015316	[1, 1]	['Q', 'N']	['Anywhere', 'Anywhere']	['Chemical derivative', 'Chemical derivative']	[2, 1]
dichlorination	Dichlorination	0	67.922055	[1, 1]	['C', 'Y']	['Anywhere', 'Anywhere']	['Chemical derivative', 'Artefact']	[2, 1]
DNPS	2,4-Dinitrobenzenesulfenyl	0	198.981352	[1, 1]	['C', 'W']	['Anywhere', 'Anywhere']	['Chemical derivative', 'Chemical derivative']	[1, 2]
DimethylamineGMBS	Modified GMBS X linker	0	267.158292	[1]	['C']	['Anywhere']	['Chemical derivative']	[1]
LG-anhydrolactam	Levuglandinyl-lysine anhydrolactam adduct	0	314.188195	[1, 1]	['N-term', 'K']	['Any N-term', 'Anywhere']	['Post-translational', 'Post-translational']	[2, 1]
LG-pyrrole	Levuglandinyl-lysine pyrrole adduct	0	316.203845	[1, 1, 1]	['C', 'N-term', 'K']	['Anywhere', 'Any N-term', 'Anywhere']	['Post-translational', 'Post-translational', 'Post-translational']	[3, 2, 1]
LG-anhyropyrrole	Levuglandinyl-lysine anhyropyrrole adduct	0	298.19328	[1, 1]	['N-term', 'K']	['Any N-term', 'Anywhere']	['Post-translational', 'Post-translational']	[2, 1]
2-succinyl	S-(2-succinyl) cysteine	0	116.010959	[1]	['C']	['Anywhere']	['Chemical derivative']	[1]
Propargylamine	propargylamine	0	37.031634	[1, 1, 1]	['D', 'C-term', 'E']	['Anywhere', 'Any C-term', 'Anywhere']	['Chemical derivative', 'Chemical derivative', 'Chemical derivative']	[2, 1, 3]
serotonylation	5-glutamyl serotonin	0	159.068414	[1]	['Q']	['Anywhere']	['Post-translational']	[1]
BITC	Benzyl isothiocyanate	0	149.02992	[1, 1, 1]	['N-term', 'K', 'C']	['Any N-term', 'Anywhere', 'Anywhere']	['Chemical derivative', 'Chemical derivative', 'Chemical derivative']	[3, 2, 1]
Carbofuran	2,3-dihydro-2,2-dimethyl-7-benzofuranol N-methyl carbamate	0	58.029289	[1]	['S']	['Anywhere']	['Chemical derivative']	[1]
PEITC	Phenethyl isothiocyanate	0	163.04557	[1, 1, 1]	['N-term', 'K', 'C']	['Any N-term', 'Anywhere', 'Anywhere']	['Chemical derivative', 'Chemical derivative', 'Chemical derivative']	[3, 2, 1]
thioacylPA	membrane protein extraction	0	159.035399	[1]	['K']	['Anywhere']	['Chemical derivative']	[1]
Puromycin	Puromycin	0	453.212452	[1]	['C-term']	['Any C-term']	['Co-translational']	[1]
cysTMT	Native cysteine-reactive Tandem Mass Tag®	0	299.166748	[1]	['C']	['Anywhere']	['Chemical derivative']	[1]
Biotin:Sigma-B1267	was Biotin-maleimide	0	449.17329	[1]	['C']	['Anywhere']	['Chemical derivative']	[1]
sulfo+amino	aminotyrosine with sulfation	0	94.967714	[1]	['Y']	['Anywhere']	['Chemical derivative']	[1]
AHA-Alkyne	Azidohomoalanine (AHA) bound to propargylglycine-NH2 (alkyne)	0	107.077339	[1]	['M']	['Anywhere']	['Chemical derivative']	[1]
EGCG1	(-)-epigallocatechin-3-gallate	0	456.069261	[1]	['C']	['Anywhere']	['Post-translational']	[1]
EGCG2	(-)-dehydroepigallocatechin	0	287.055563	[1]	['C']	['Anywhere']	['Post-translational']	[1]
Thiazolidine	formaldehyde adduct	0	12.0	[1, 1, 1, 1, 1, 1, 1, 1]	['W', 'Y', 'H', 'R', 'K', 'N-term', 'C', 'F']	['Anywhere', 'Anywhere', 'Anywhere', 'Anywhere', 'Anywhere', 'Protein N-term', 'Anywhere', 'Anywhere']	['Chemical derivative', 'Chemical derivative', 'Chemical derivative', 'Chemical derivative', 'Chemical derivative', 'Chemical derivative', 'Chemical derivative', 'Chemical derivative']	[7, 6, 5, 4, 3, 2, 1, 8]
Xlink:DSS[156]	Water-quenched monolink of DSS/BS3 crosslinker	0	156.078644	[1, 1]	['K', 'N-term']	['Anywhere', 'Protein N-term']	['Chemical derivative', 'Chemical derivative']	[1, 2]
DMPO	DMPO spin-trap nitrone adduct	0	111.068414	[1, 1, 1]	['H', 'Y', 'C']	['Anywhere', 'Anywhere', 'Anywhere']	['Post-translational', 'Post-translational', 'Post-translational']	[2, 3, 1]
glycidamide	glycidamide adduct	0	87.032028	[1, 1]	['K', 'N-term']	['Anywhere', 'Any N-term']	['Chemical derivative', 'Chemical derivative']	[1, 2]
Xlink:EGS[244]	Water quenched monolink of EGS cross-linker	0	244.058303	[1, 1]	['N-term', 'K']	['Protein N-term', 'Anywhere']	['Chemical derivative', 'Chemical derivative']	[2, 1]
Xlink:DST[132]	Water quenched monolink of DST crosslinker	0	132.005873	[1, 1]	['N-term', 'K']	['Protein N-term', 'Anywhere']	['Chemical derivative', 'Chemical derivative']	[2, 1]
Xlink:DTSSP[192]	Water quenched monolink of DSP/DTSSP crosslinker	0	191.991486	[1, 1]	['N-term', 'K']	['Protein N-term', 'Anywhere']	['Chemical derivative', 'Chemical derivative']	[2, 1]
Xlink:SMCC[237]	Water quenched monolink of SMCC	0	237.100108	[1, 1, 1]	['C', 'K', 'N-term']	['Anywhere', 'Anywhere', 'Protein N-term']	['Chemical derivative', 'Chemical derivative', 'Chemical derivative']	[1, 2, 3]
2-nitrobenzyl	Tyrosine caged with 2-nitrobenzyl (ONB)	0	135.032028	[1]	['Y']	['Anywhere']	['Chemical derivative']	[1]
Xlink:DMP[140]	Water quenched monolink of DMP crosslinker	0	140.094963	[1, 1]	['N-term', 'K']	['Protein N-term', 'Anywhere']	['Chemical derivative', 'Chemical derivative']	[2, 1]
Xlink:EGS[115]	Cleavage product of EGS protein crosslinks by hydroylamine treatment	0	115.026943	[1, 1]	['N-term', 'K']	['Protein N-term', 'Anywhere']	['Chemical derivative', 'Chemical derivative']	[2, 1]
Cys->SecNEM:2H(5)	D5 N-ethylmaleimide on selenocysteines	0	178.023511	[1]	['C']	['Anywhere']	['Chemical derivative']	[1]
Thiadiazole	Thiadiazolydation of Cys	0	174.025169	[1]	['C']	['Anywhere']	['Chemical derivative']	[1]
Biotin:Thermo-88310	desthiobiotin modification of lysine	0	196.121178	[1]	['K']	['Anywhere']	['Chemical derivative']	[1]
Deoxyhypusine	Deoxyhypusine	0	71.073499	[1, 1]	['Q', 'K']	['Anywhere', 'Anywhere']	['Chemical derivative', 'Post-translational']	[2, 1]
Acetyldeoxyhypusine	Acetyldeoxyhypusine	0	97.089149	[1]	['K']	['Anywhere']	['Post-translational']	[1]
Acetylhypusine	Acetylhypusine	0	113.084064	[1]	['K']	['Anywhere']	['Post-translational']	[1]
2-monomethylsuccinyl	S-(2-monomethylsuccinyl) cysteine	0	130.026609	[1]	['C']	['Anywhere']	['Chemical derivative']	[1]
Saligenin	o-toluene	0	106.041865	[1, 1]	['H', 'K']	['Anywhere', 'Anywhere']	['Chemical derivative', 'Chemical derivative']	[1, 2]
Cresylphosphate	o-toluyl-phosphorylation	0	170.013281	[1, 1, 1, 1, 1, 1]	['R', 'S', 'T', 'Y', 'K', 'H']	['Anywhere', 'Anywhere', 'Anywhere', 'Anywhere', 'Anywhere', 'Anywhere']	['Chemical derivative', 'Chemical derivative', 'Chemical derivative', 'Chemical derivative', 'Chemical derivative', 'Chemical derivative']	[3, 4, 5, 6, 2, 1]
CresylSaligeninPhosphate	Cresyl-Saligenin-phosphorylation	0	276.055146	[1, 1, 1, 1, 1, 1]	['R', 'S', 'T', 'Y', 'K', 'H']	['Anywhere', 'Anywhere', 'Anywhere', 'Anywhere', 'Anywhere', 'Anywhere']	['Chemical derivative', 'Chemical derivative', 'Chemical derivative', 'Chemical derivative', 'Chemical derivative', 'Chemical derivative']	[3, 4, 5, 6, 2, 1]
Ub-Br2	Ub Bromide probe addition	0	100.063663	[1]	['C']	['Anywhere']	['Chemical derivative']	[1]
Ub-VME	Ubiquitin vinylmethylester	0	173.092617	[1]	['C']	['Anywhere']	['Chemical derivative']	[1]
Ub-amide	Ub amide probe addition	0	196.108602	[1]	['C']	['Anywhere']	['Chemical derivative']	[1]
2-dimethylsuccinyl	S-(2-dimethylsuccinyl) cysteine	0	144.042259	[1]	['C']	['Anywhere']	['Chemical derivative']	[1]
pupylation	addition of GGE	0	243.085521	[1]	['K']	['Anywhere']	['Post-translational']	[1]
HCysteinyl	S-homocysteinylation	0	133.019749	[1]	['C']	['Anywhere']	['Post-translational']	[1]
HCysThiolactone	N-Homocysteine thiolactone	0	117.024835	[1]	['K']	['Anywhere']	['Post-translational']	[1]
UgiJoullieProGly	Side reaction of PG with Side chain of aspartic or glutamic acid	0	154.074228	[1, 1]	['D', 'E']	['Anywhere', 'Anywhere']	['Chemical derivative', 'Chemical derivative']	[1, 2]
Dipyridyl	Cys modified with dipy ligand	0	225.090212	[1]	['C']	['Anywhere']	['Chemical derivative']	[1]
Furan	Chemical modification of the iodinated sites of thyroglobulin by Suzuki reaction	0	66.010565	[1]	['Y']	['Anywhere']	['Chemical derivative']	[1]
Difuran	Chemical modification of the diiodinated sites of thyroglobulin by Suzuki reaction	0	132.021129	[1]	['Y']	['Anywhere']	['Chemical derivative']	[1]
BMP-piperidinol	1-methyl-3-benzoyl-4-hydroxy-4-phenylpiperidine	0	263.131014	[1, 1]	['C', 'M']	['Anywhere', 'Anywhere']	['Chemical derivative', 'Chemical derivative']	[2, 1]
UgiJoullieProGlyProGly	Side reaction of PGPG with Side chain of aspartic or glutamic acid	0	308.148455	[1, 1]	['D', 'E']	['Anywhere', 'Anywhere']	['Chemical derivative', 'Chemical derivative']	[1, 2]
Butyryl	Butyryl	0	70.041865	[1]	['K']	['Anywhere']	['Post-translational']	[1]
NeuAc	N-acetyl neuraminic acid	0	291.095417	[1, 1, 1]	['T', 'S', 'N']	['Anywhere', 'Anywhere', 'Anywhere']	['O-linked glycosylation', 'O-linked glycosylation', 'N-linked glycosylation']	[2, 2, 1]
NeuGc	N-glycoyl neuraminic acid	0	307.090331	[1, 1, 1]	['T', 'S', 'N']	['Anywhere', 'Anywhere', 'Anywhere']	['O-linked glycosylation', 'O-linked glycosylation', 'N-linked glycosylation']	[2, 2, 1]
Propyl	Propyl	0	42.04695	[1, 1, 1, 1, 1, 1]	['D', 'K', 'N-term', 'E', 'C-term', 'C-term']	['Anywhere', 'Anywhere', 'Any N-term', 'Anywhere', 'Any C-term', 'Protein C-term']	['Chemical derivative', 'Isotopic label', 'Isotopic label', 'Chemical derivative', 'Chemical derivative', 'Chemical derivative']	[3, 2, 1, 4, 5, 6]
Propiophenone	Propiophenone	0	132.057515	[1, 1, 1, 1, 1, 1, 1]	['C', 'W', 'T', 'S', 'R', 'K', 'H']	['Anywhere', 'Anywhere', 'Anywhere', 'Anywhere', 'Anywhere', 'Anywhere', 'Anywhere']	['Chemical derivative', 'Chemical derivative', 'Chemical derivative', 'Chemical derivative', 'Chemical derivative', 'Chemical derivative', 'Chemical derivative']	[7, 6, 5, 4, 3, 2, 1]
PS_Hapten	reaction with phenyl salicylate (PS)	0	120.021129	[1, 1, 1]	['H', 'C', 'K']	['Anywhere', 'Anywhere', 'Anywhere']	['Chemical derivative', 'Chemical derivative', 'Chemical derivative']	[2, 1, 3]
Delta:H(6)C(3)O(1)	Reduced acrolein addition +58	0	58.041865	[1, 1, 1, 1]	['N-term', 'K', 'H', 'C']	['Protein N-term', 'Anywhere', 'Anywhere', 'Anywhere']	['Chemical derivative', 'Chemical derivative', 'Chemical derivative', 'Chemical derivative']	[4, 3, 2, 1]
Delta:H(8)C(6)O(1)	Reduced acrolein addition +96	0	96.057515	[1, 1]	['N-term', 'K']	['Protein N-term', 'Anywhere']	['Chemical derivative', 'Chemical derivative']	[2, 1]
biotinAcrolein298	biotin hydrazide labeled acrolein addition +298	0	298.146347	[1, 1, 1, 1]	['H', 'K', 'N-term', 'C']	['Anywhere', 'Anywhere', 'Protein N-term', 'Anywhere']	['Chemical derivative', 'Chemical derivative', 'Chemical derivative', 'Chemical derivative']	[2, 3, 4, 1]
MM-diphenylpentanone	3-methyl-5-(methylamino)-1,3-diphenylpentan-1-one	0	265.146664	[1]	['C']	['Anywhere']	['Chemical derivative']	[1]
EHD-diphenylpentanone	2-ethyl-3-hydroxy-1,3-diphenylpentan-1-one	0	266.13068	[1, 1]	['M', 'C']	['Anywhere', 'Anywhere']	['Chemical derivative', 'Chemical derivative']	[2, 1]
benzylguanidine	modification of the lysine side chain from NH2 to guanidine with a H removed in favor of a benzyl group	0	132.068748	[1]	['K']	['Anywhere']	['Chemical derivative']	[1]
CarboxymethylDMAP	A fixed +1 charge tag attached to the N-terminus of peptides	0	162.079313	[1]	['N-term']	['Any N-term']	['Chemical derivative']	[1]
Xlink:BuUrBu[213]	Ammonia quenched monolink of BuUrBu crosslinker	0	213.111341	[1, 1]	['K', 'N-term']	['Anywhere', 'Protein N-term']	['Chemical derivative', 'Chemical derivative']	[1, 2]
bisANS-sulfonates	BisANS with loss of both sulfonates	0	437.201774	[1, 1, 1]	['S', 'T', 'K']	['Anywhere', 'Anywhere', 'Anywhere']	['Chemical derivative', 'Chemical derivative', 'Chemical derivative']	[2, 3, 1]
DNCB_hapten	Chemical reaction with 2,4-dinitro-1-chloro benzene (DNCB)	0	166.001457	[1, 1, 1, 1]	['Y', 'H', 'K', 'C']	['Anywhere', 'Anywhere', 'Anywhere', 'Anywhere']	['Chemical derivative', 'Chemical derivative', 'Chemical derivative', 'Chemical derivative']	[4, 2, 3, 1]
NEMsulfur	N-ethylmaleimideSulfur	0	157.019749	[1]	['C']	['Anywhere']	['Chemical derivative']	[1]
SulfurDioxide	SulfurDioxide	0	63.9619	[1]	['C']	['Anywhere']	['Post-translational']	[1]
NEMsulfurWater	N-ethylmaleimideSulfurWater	0	175.030314	[1]	['C']	['Anywhere']	['Chemical derivative']	[1]
HN3_mustard	Modification by hydroxylated tris-(2-chloroethyl)amine (HN-3)	0	131.094629	[1, 1, 1]	['C', 'H', 'K']	['Anywhere', 'Anywhere', 'Anywhere']	['Post-translational', 'Post-translational', 'Post-translational']	[1, 2, 3]
3-phosphoglyceryl	3-phosphoglyceryl	0	167.982375	[1]	['K']	['Anywhere']	['Post-translational']	[1]
HN2_mustard	Modification by hydroxylated mechloroethamine (HN-2)	0	101.084064	[1, 1, 1]	['H', 'K', 'C']	['Anywhere', 'Anywhere', 'Anywhere']	['Post-translational', 'Post-translational', 'Post-translational']	[2, 3, 1]
NEM:2H(5)+H2O	D5 N-ethylmaleimide+water on cysteines	0	148.089627	[1]	['C']	['Anywhere']	['Chemical derivative']	[1]
Crotonyl	Crotonylation	0	68.026215	[1]	['K']	['Anywhere']	['Post-translational']	[1]
O-Et-N-diMePhospho	O-ethyl, N-dimethyl phosphate	0	135.044916	[1]	['S']	['Anywhere']	['Chemical derivative']	[1]
N-dimethylphosphate	N-dimethylphosphate	0	107.013615	[1]	['S']	['Anywhere']	['Chemical derivative']	[1]
phosphoRibosyl	phosphate-ribosylation	0	212.00859	[1, 1, 1]	['E', 'R', 'D']	['Anywhere', 'Anywhere', 'Anywhere']	['Post-translational', 'Post-translational', 'Post-translational']	[2, 3, 1]
azole	Formation of five membered aromatic heterocycle	0	-20.026215	[1, 1]	['C', 'S']	['Anywhere', 'Anywhere']	['Post-translational', 'Post-translational']	[2, 1]
iodoTMT	Native iodoacetyl Tandem Mass Tag®	0	324.216141	[1, 1, 1, 1, 1]	['K', 'H', 'E', 'D', 'C']	['Anywhere', 'Anywhere', 'Anywhere', 'Anywhere', 'Anywhere']	['Chemical derivative', 'Chemical derivative', 'Chemical derivative', 'Chemical derivative', 'Chemical derivative']	[5, 4, 3, 2, 1]
iodoTMT6plex	Sixplex iodoacetyl Tandem Mass Tag®	0	329.226595	[1, 1, 1, 1, 1]	['K', 'H', 'E', 'D', 'C']	['Anywhere', 'Anywhere', 'Anywhere', 'Anywhere', 'Anywhere']	['Chemical derivative', 'Chemical derivative', 'Chemical derivative', 'Chemical derivative', 'Chemical derivative']	[5, 4, 3, 2, 1]
Phosphogluconoylation	Phosphogluconoylation	0	258.014069	[1, 1]	['N-term', 'K']	['Any N-term', 'Anywhere']	['Post-translational', 'Post-translational']	[2, 1]
dHex(1)Hex(1)	Hex1dHex1	0	308.110732	[1, 1]	['T', 'S']	['Anywhere', 'Anywhere']	['O-linked glycosylation', 'O-linked glycosylation']	[1, 1]
methylsulfonylethyl	reaction with methyl vinyl sulfone	0	106.00885	[1, 1, 1]	['K', 'H', 'C']	['Anywhere', 'Anywhere', 'Anywhere']	['Chemical derivative', 'Chemical derivative', 'Chemical derivative']	[3, 2, 1]
dHex(1)Hex(2)	Hex2dHex1	0	470.163556	[1, 1]	['T', 'S']	['Anywhere', 'Anywhere']	['O-linked glycosylation', 'O-linked glycosylation']	[1, 1]
ethylsulfonylethyl	reaction with ethyl vinyl sulfone	0	120.0245	[1, 1, 1]	['H', 'C', 'K']	['Anywhere', 'Anywhere', 'Anywhere']	['Chemical derivative', 'Chemical derivative', 'Chemical derivative']	[2, 1, 3]
phenylsulfonylethyl	reaction with phenyl vinyl sulfone	0	168.0245	[1]	['C']	['Anywhere']	['Chemical derivative']	[1]
PyridoxalPhosphateH2	PLP bound to lysine reduced by sodium borohydride (NaBH4) to create amine linkage	0	231.02966	[1]	['K']	['Anywhere']	['Chemical derivative']	[1]
Oxidation+NEM	N-ethylmaleimide on cysteine sulfenic acid	0	141.042593	[1]	['C']	['Anywhere']	['Chemical derivative']	[1]
NHS-fluorescein	fluorescein-hexanoate-NHS hydrolysis	0	471.131802	[1]	['K']	['Anywhere']	['Chemical derivative']	[1]
Iodoacetanilide	iodoacetanilide derivative	0	133.052764	[1, 1, 1]	['K', 'C', 'N-term']	['Anywhere', 'Anywhere', 'Any N-term']	['Artefact', 'Chemical derivative', 'Artefact']	[2, 1, 3]
Iodoacetanilide:13C(6)	13C labelled iodoacetanilide derivative	0	139.072893	[1, 1, 1]	['K', 'C', 'N-term']	['Anywhere', 'Anywhere', 'Any N-term']	['Artefact', 'Chemical derivative', 'Artefact']	[2, 1, 3]
Dap-DSP	Diaminopimelic acid-DSP monolinked	0	364.076278	[1, 1, 1]	['K', 'E', 'A']	['Anywhere', 'Anywhere', 'Anywhere']	['Chemical derivative', 'Non-standard residue', 'Non-standard residue']	[3, 2, 1]
MurNAc	N-Acetylmuramic acid	0	275.100502	[1]	['A']	['Anywhere']	['Other glycosylation']	[1]
s-GlcNAc	O3S1HexNAc1	0	283.036187	[1, 1]	['T', 'S']	['Anywhere', 'Anywhere']	['O-linked glycosylation', 'O-linked glycosylation']	[1, 1]
PhosphoHex(2)	H1O3P1Hex2	0	404.071978	[1, 1, 1]	['N', 'T', 'S']	['Anywhere', 'Anywhere', 'Anywhere']	['N-linked glycosylation', 'O-linked glycosylation', 'O-linked glycosylation']	[2, 1, 1]
15N-oxobutanoic	Loss of ammonia (15N)	0	-18.023584	[1, 1, 1]	['S', 'C', 'T']	['Protein N-term', 'Any N-term', 'Protein N-term']	['Post-translational', 'Artefact', 'Post-translational']	[2, 1, 3]
spermidine	spermidine adduct	0	128.131349	[1]	['Q']	['Anywhere']	['Chemical derivative']	[1]
Biotin:Thermo-21330	Biotin_PEG4	0	473.219571	[1, 1]	['N-term', 'K']	['Any N-term', 'Anywhere']	['Chemical derivative', 'Chemical derivative']	[2, 1]
Hex(1)Pent(2)	Hex Pent(2)	0	426.137341	[1, 1]	['T', 'S']	['Anywhere', 'Anywhere']	['O-linked glycosylation', 'O-linked glycosylation']	[1, 1]
Pentose	Pentose	0	132.042259	[1, 1]	['T', 'S']	['Anywhere', 'Anywhere']	['O-linked glycosylation', 'O-linked glycosylation']	[1, 1]
Hex(1)Pent(1)	Hex Pent	0	294.095082	[1, 1]	['T', 'S']	['Anywhere', 'Anywhere']	['O-linked glycosylation', 'O-linked glycosylation']	[1, 1]
Hex(1)HexA(1)	Hex HexA	0	338.084912	[1, 1]	['T', 'S']	['Anywhere', 'Anywhere']	['O-linked glycosylation', 'O-linked glycosylation']	[1, 1]
Hex(1)HexNAc(1)Phos(1)	Hex HexNAc Phos	0	445.098527	[1, 1]	['T', 'S']	['Anywhere', 'Anywhere']	['O-linked glycosylation', 'O-linked glycosylation']	[1, 1]
Hex(1)HexNAc(1)Sulf(1)	Hex HexNAc Sulf	0	445.089011	[1, 1]	['T', 'S']	['Anywhere', 'Anywhere']	['O-linked glycosylation', 'O-linked glycosylation']	[1, 1]
Hex(1)NeuAc(1)	Hex NeuAc ---OR--- HexNAc Kdn	0	453.14824	[1, 1]	['T', 'S']	['Anywhere', 'Anywhere']	['O-linked glycosylation', 'O-linked glycosylation']	[1, 1]
Hex(1)NeuGc(1)	Hex NeuGc	0	469.143155	[1, 1]	['T', 'S']	['Anywhere', 'Anywhere']	['O-linked glycosylation', 'O-linked glycosylation']	[1, 1]
HexNAc(1)NeuAc(1)	HexNAc NeuAc	0	494.174789	[1, 1]	['T', 'S']	['Anywhere', 'Anywhere']	['O-linked glycosylation', 'O-linked glycosylation']	[1, 1]
Xlink:DSS[155]	Ammonium-quenched monolink of DSS/BS3 crosslinker	0	155.094629	[1, 1]	['N-term', 'K']	['Protein N-term', 'Anywhere']	['Chemical derivative', 'Chemical derivative']	[2, 1]
NQIGG	SUMOylation by Giardia lamblia	0	469.228496	[1]	['K']	['Anywhere']	['Post-translational']	[1]
Fluorescein-tyramine	Fluorescein-tyramine adduct by peroxidase activity	0	493.116152	[1]	['Y']	['Anywhere']	['Chemical derivative']	[1]
betaFNA	beta-Funaltrexamine	0	454.210387	[1, 1]	['C', 'K']	['Anywhere', 'Anywhere']	['Chemical derivative', 'Chemical derivative']	[1, 2]
Biotin-tyramide	Biotin-Phenol	0	361.146012	[1]	['Y']	['Anywhere']	['Chemical derivative']	[1]
LRGG+dimethyl	LeudimethylArgGlyGly	0	411.259403	[1]	['K']	['Anywhere']	['Post-translational']	[1]
GEE	transamidation of glycine ethyl ester to glutamine	0	86.036779	[1]	['Q']	['Anywhere']	['Chemical derivative']	[1]
LRGG+methyl	LeumethylArgGlyGly	0	397.243753	[1]	['K']	['Anywhere']	['Post-translational']	[1]
IASD	Iodoacetamide derivative of stilbene (reaction product with thiol)	0	452.034807	[1]	['C']	['Anywhere']	['Chemical derivative']	[1]
Biotin:Thermo-21328	EZ-Link Sulfo-NHS-SS-Biotin	0	389.090154	[1, 1]	['K', 'N-term']	['Anywhere', 'Any N-term']	['Chemical derivative', 'Chemical derivative']	[1, 2]
PhosphoCytidine	Cytidine monophosphate	0	305.041287	[1, 1, 1]	['Y', 'T', 'S']	['Anywhere', 'Anywhere', 'Anywhere']	['Post-translational', 'Post-translational', 'Post-translational']	[3, 2, 1]
AzidoF	Azidophenylalanine	0	41.001397	[1]	['F']	['Anywhere']	['Chemical derivative']	[1]
Dimethylaminoethyl	Cys alkylation by dimethylaminoethyl halide	0	71.073499	[1]	['C']	['Anywhere']	['Chemical derivative']	[1]
Gluratylation	Glutarylation	0	114.031694	[1]	['K']	['Anywhere']	['Post-translational']	[1]
hydroxyisobutyryl	2-hydroxyisobutyrylation	0	86.036779	[1]	['K']	['Anywhere']	['Post-translational']	[1]
MeMePhosphorothioate	S-Methyl Methyl phosphorothioate	0	107.979873	[1]	['S']	['Anywhere']	['Chemical derivative']	[1]
Xlink:DSSO[176]	Water-quenched monolink of DSSO crosslinker	0	176.01433	[1, 1]	['K', 'N-term']	['Anywhere', 'Protein N-term']	['Chemical derivative', 'Chemical derivative']	[1, 2]
MesitylOxide	Acetone chemical artifact	0	98.073165	[1, 1, 1]	['K', 'H', 'N-term']	['Anywhere', 'Anywhere', 'Protein N-term']	['Chemical derivative', 'Chemical derivative', 'Chemical derivative']	[2, 1, 3]
Xlink:DSS[259]	Tris-quenched monolink of DSS/BS3 crosslinker	0	259.141973	[1, 1]	['K', 'N-term']	['Anywhere', 'Protein N-term']	['Chemical derivative', 'Chemical derivative']	[1, 2]
methylol	formaldehyde induced modifications	0	30.010565	[1, 1, 1]	['Y', 'W', 'K']	['Anywhere', 'Anywhere', 'Anywhere']	['Chemical derivative', 'Chemical derivative', 'Chemical derivative']	[3, 2, 1]
Xlink:DSSO[175]	Ammonia-quenched monolink of DSSO crosslinker	0	175.030314	[1, 1]	['K', 'N-term']	['Anywhere', 'Protein N-term']	['Chemical derivative', 'Chemical derivative']	[1, 2]
Xlink:DSSO[279]	Tris-quenched monolink of DSSO crosslinker	0	279.077658	[1, 1]	['K', 'N-term']	['Anywhere', 'Protein N-term']	['Chemical derivative', 'Chemical derivative']	[1, 2]
Xlink:DSSO[54]	Alkene fragment of DSSO crosslinker	0	54.010565	[1, 1]	['N-term', 'K']	['Protein N-term', 'Anywhere']	['Chemical derivative', 'Chemical derivative']	[2, 1]
Xlink:DSSO[86]	Thiol fragment of DSSO crosslinker	0	85.982635	[1, 1]	['K', 'N-term']	['Anywhere', 'Protein N-term']	['Chemical derivative', 'Chemical derivative']	[1, 2]
Xlink:DSSO[104]	Sulfenic acid fragment of DSSO crosslinker	0	103.9932	[1, 1]	['K', 'N-term']	['Anywhere', 'Protein N-term']	['Chemical derivative', 'Chemical derivative']	[1, 2]
Xlink:BuUrBu[111]	BuUr fragment of BuUrBu crosslinker	0	111.032028	[1, 1]	['K', 'N-term']	['Anywhere', 'Protein N-term']	['Chemical derivative', 'Chemical derivative']	[1, 2]
Xlink:BuUrBu[85]	Bu fragment of BuUrBu crosslinker	0	85.052764	[1, 1]	['K', 'N-term']	['Anywhere', 'Protein N-term']	['Chemical derivative', 'Chemical derivative']	[1, 2]
Xlink:BuUrBu[214]	Water quenched monolink of BuUrBu crosslinker	0	214.095357	[1, 1]	['N-term', 'K']	['Protein N-term', 'Anywhere']	['Chemical derivative', 'Chemical derivative']	[2, 1]
Xlink:BuUrBu[317]	Tris quenched monolink of BuUrBu crosslinker	0	317.158686	[1, 1]	['N-term', 'K']	['Protein N-term', 'Anywhere']	['Chemical derivative', 'Chemical derivative']	[2, 1]
Xlink:DSSO[158]	Intact DSSO crosslinker	0	158.003765	[1, 1]	['K', 'N-term']	['Anywhere', 'Protein N-term']	['Chemical derivative', 'Chemical derivative']	[1, 2]
Xlink:DSS[138]	Intact DSS/BS3 crosslinker	0	138.06808	[1, 1]	['K', 'N-term']	['Anywhere', 'Protein N-term']	['Chemical derivative', 'Chemical derivative']	[1, 2]
Xlink:BuUrBu[196]	Intact BuUrBu crosslinker	0	196.084792	[1, 1]	['N-term', 'K']	['Protein N-term', 'Anywhere']	['Chemical derivative', 'Chemical derivative']	[2, 1]
Xlink:DTBP[172]	Intact DTBP crosslinker	0	172.01289	[1, 1]	['K', 'N-term']	['Anywhere', 'Protein N-term']	['Chemical derivative', 'Chemical derivative']	[1, 2]
Xlink:DST[114]	Intact DST crosslinker	0	113.995309	[1, 1]	['K', 'N-term']	['Anywhere', 'Protein N-term']	['Chemical derivative', 'Chemical derivative']	[1, 2]
Xlink:DTSSP[174]	Intact DSP/DTSSP crosslinker	0	173.980921	[1, 1]	['K', 'N-term']	['Anywhere', 'Protein N-term']	['Chemical derivative', 'Chemical derivative']	[1, 2]
Xlink:SMCC[219]	Intact SMCC cross-link	0	219.089543	[1, 1, 1]	['C', 'K', 'N-term']	['Anywhere', 'Anywhere', 'Protein N-term']	['Chemical derivative', 'Chemical derivative', 'Chemical derivative']	[1, 2, 3]
Xlink:BS2G[113]	Ammonium-quenched monolink of BS2-G crosslinker	0	113.047679	[1, 1]	['N-term', 'K']	['Protein N-term', 'Anywhere']	['Chemical derivative', 'Chemical derivative']	[2, 1]
Xlink:BS2G[114]	Water-quenched monolink of BS2-G crosslinker	0	114.031694	[1, 1]	['N-term', 'K']	['Protein N-term', 'Anywhere']	['Chemical derivative', 'Chemical derivative']	[2, 1]
Xlink:BS2G[217]	Tris-quenched monolink of BS2-G crosslinker	0	217.095023	[1, 1]	['N-term', 'K']	['Protein N-term', 'Anywhere']	['Chemical derivative', 'Chemical derivative']	[2, 1]
Xlink:DMP[139]	Ammonia quenched monolink of DMP crosslinker	0	139.110947	[1, 1]	['K', 'N-term']	['Anywhere', 'Protein N-term']	['Chemical derivative', 'Chemical derivative']	[1, 2]
Xlink:DMP[122]	Intact DMP crosslinker	0	122.084398	[1, 1]	['K', 'N-term']	['Anywhere', 'Protein N-term']	['Chemical derivative', 'Chemical derivative']	[1, 2]
glyoxalAGE	glyoxal-derived AGE	0	21.98435	[1]	['R']	['Anywhere']	['Post-translational']	[1]
Met->AspSA	Methionine oxidation to aspartic semialdehyde	0	-32.008456	[1]	['M']	['Anywhere']	['Chemical derivative']	[1]
Decarboxylation	Decarboxylation	0	-30.010565	[1, 1]	['D', 'E']	['Anywhere', 'Anywhere']	['Chemical derivative', 'Chemical derivative']	[1, 2]
Aspartylurea	Aspartylurea	0	-10.031969	[1]	['H']	['Anywhere']	['Chemical derivative']	[1]
Formylasparagine	In Bachi as Formylaspargine (typo?)	0	4.97893	[1]	['H']	['Anywhere']	['Chemical derivative']	[1]
Carbonyl	aldehyde and ketone modifications	0	13.979265	[1, 1, 1, 1, 1, 1, 1, 1]	['S', 'R', 'Q', 'L', 'I', 'E', 'A', 'V']	['Anywhere', 'Anywhere', 'Anywhere', 'Anywhere', 'Anywhere', 'Anywhere', 'Anywhere', 'Anywhere']	['Chemical derivative', 'Chemical derivative', 'Chemical derivative', 'Chemical derivative', 'Chemical derivative', 'Chemical derivative', 'Chemical derivative', 'Chemical derivative']	[7, 6, 5, 4, 3, 2, 1, 8]
Pro->HAVA	Proline oxidation to 5-hydroxy-2-aminovaleric acid	0	18.010565	[1]	['P']	['Anywhere']	['Chemical derivative']	[1]
AFB1_Dialdehyde	adduction of aflatoxin B1 Dialdehyde to lysine	0	310.047738	[1]	['K']	['Anywhere']	['Post-translational']	[1]
Delta:H(-4)O(2)	Tryptophan oxidation to beta-unsaturated-2,4-bis-tryptophandione	0	27.958529	[1]	['W']	['Anywhere']	['Chemical derivative']	[1]
Delta:H(-4)O(3)	Tryptophan oxidation to hydroxy-bis-tryptophandione	0	43.953444	[1]	['W']	['Anywhere']	['Chemical derivative']	[1]
Delta:H(4)C(5)O(1)	methylglyoxal-derived argpyrimidine	0	80.026215	[1]	['R']	['Anywhere']	['Chemical derivative']	[1]
Delta:H(6)C(7)O(4)	methylglyoxal-derived tetrahydropyrimidine	0	154.026609	[1]	['R']	['Anywhere']	['Chemical derivative']	[1]
Hex(2)Sulf(1)	Hex(2) O(3) S	0	404.062462	[1, 1]	['T', 'S']	['Anywhere', 'Anywhere']	['O-linked glycosylation', 'O-linked glycosylation']	[1, 1]
Pent(2)	Pent(2)	0	264.084518	[1, 1]	['T', 'S']	['Anywhere', 'Anywhere']	['O-linked glycosylation', 'O-linked glycosylation']	[1, 1]
Pent(1)HexNAc(1)	Pent HexNAc	0	335.121631	[1, 1]	['T', 'S']	['Anywhere', 'Anywhere']	['O-linked glycosylation', 'O-linked glycosylation']	[1, 1]
Hex(1)Pent(2)Me(1)	Hex:1 Pent:2 Me:1	0	440.152991	[1, 1]	['T', 'S']	['Anywhere', 'Anywhere']	['O-linked glycosylation', 'O-linked glycosylation']	[1, 1]
HexNAc(2)Sulf(1)	HexNAc(2) Sulf	0	486.11556	[1, 1]	['S', 'T']	['Anywhere', 'Anywhere']	['O-linked glycosylation', 'O-linked glycosylation']	[1, 1]
Diethylphosphothione	O-diethylphosphothione	0	152.006087	[1, 1, 1, 1, 1, 1]	['Y', 'T', 'S', 'K', 'H', 'C']	['Anywhere', 'Anywhere', 'Anywhere', 'Anywhere', 'Anywhere', 'Anywhere']	['Chemical derivative', 'Chemical derivative', 'Chemical derivative', 'Chemical derivative', 'Chemical derivative', 'Chemical derivative']	[6, 5, 4, 3, 2, 1]
CIGG	Ubiquitin D (FAT10) leaving after chymotrypsin digestion Cys-Ile-Gly-Gly	0	330.136176	[1]	['K']	['Anywhere']	['Post-translational']	[1]
Dimethylphosphothione	O-dimethylphosphothione	0	123.974787	[1, 1, 1, 1, 1, 1]	['S', 'K', 'H', 'C', 'Y', 'T']	['Anywhere', 'Anywhere', 'Anywhere', 'Anywhere', 'Anywhere', 'Anywhere']	['Chemical derivative', 'Chemical derivative', 'Chemical derivative', 'Chemical derivative', 'Chemical derivative', 'Chemical derivative']	[4, 3, 2, 1, 6, 5]
monomethylphosphothione	O-methylphosphothione	0	109.959137	[1, 1, 1, 1, 1, 1]	['S', 'K', 'H', 'C', 'T', 'Y']	['Anywhere', 'Anywhere', 'Anywhere', 'Anywhere', 'Anywhere', 'Anywhere']	['Chemical derivative', 'Chemical derivative', 'Chemical derivative', 'Chemical derivative', 'Chemical derivative', 'Chemical derivative']	[4, 3, 2, 1, 5, 6]
ZQG	carbobenzoxy-L-glutaminyl-glycine	0	320.100836	[1]	['K']	['Anywhere']	['Chemical derivative']	[1]
Xlink:DST[56]	DST crosslinker cleaved by sodium periodate	0	55.989829	[1, 1]	['N-term', 'K']	['Protein N-term', 'Anywhere']	['Chemical derivative', 'Chemical derivative']	[2, 1]
Haloxon	O-Dichloroethylphosphate	0	203.950987	[1, 1, 1, 1, 1, 1]	['Y', 'T', 'S', 'K', 'H', 'C']	['Anywhere', 'Anywhere', 'Anywhere', 'Anywhere', 'Anywhere', 'Anywhere']	['Chemical derivative', 'Chemical derivative', 'Chemical derivative', 'Chemical derivative', 'Chemical derivative', 'Chemical derivative']	[5, 4, 4, 3, 2, 1]
Methamidophos-O	O-methyl amino phosphinate	0	92.997965	[1, 1, 1, 1, 1, 1]	['Y', 'T', 'S', 'K', 'H', 'C']	['Anywhere', 'Anywhere', 'Anywhere', 'Anywhere', 'Anywhere', 'Anywhere']	['Chemical derivative', 'Chemical derivative', 'Chemical derivative', 'Chemical derivative', 'Chemical derivative', 'Chemical derivative']	[6, 5, 4, 3, 2, 1]
shTMT	Super Heavy Tandem Mass Tag	0	235.176741	[1, 1, 1]	['N-term', 'N-term', 'K']	['Any N-term', 'Protein N-term', 'Anywhere']	['Chemical derivative', 'Chemical derivative', 'Chemical derivative']	[3, 2, 1]
TMTpro_zero	Native TMTpro Tandem Mass Tag	0	295.189592	[1, 1, 1, 1, 1, 1]	['S', 'H', 'N-term', 'N-term', 'K', 'T']	['Anywhere', 'Anywhere', 'Protein N-term', 'Any N-term', 'Anywhere', 'Anywhere']	['Chemical derivative', 'Chemical derivative', 'Chemical derivative', 'Chemical derivative', 'Chemical derivative', 'Chemical derivative']	[5, 4, 3, 2, 1, 6]
Andro-H2O	andrographolide with the loss of H2O	0	332.19876	[1]	['C']	['Anywhere']	['Chemical derivative']	[1]
His+O(2)	Photo-induced histidine adduct	0	169.048741	[1]	['H']	['Anywhere']	['Post-translational']	[1]
